id,first_name,last_name,gender,email,home_address,postal_code,state,phone_number
1,Adi,Capini,Female,acapini0@theguardian.com,,70607,Louisiana,337-844-5229
2,Pieter,Quakley,,pquakley1@cnbc.com,60909 Mayer Circle,16550,Pennsylvania,814-282-7901
3,Ethelda,Lucock,,elucock2@cnbc.com,5 Summer Ridge Drive,02203,Massachusetts,617-779-0891
4,Starlene,Lutman,Female,slutman3@amazon.com,33 Bashford Parkway,96845,Hawaii,808-437-5799
5,Micah,Devonish,,mdevonish4@nhs.uk,8 New Castle Lane,87140,New Mexico,505-260-7972
6,,Deluze,Male,kdeluze5@ask.com,49129 Elmside Avenue,40287,Kentucky,502-791-7105
7,Easter,McFadyen,,emcfadyen6@usatoday.com,,46254,Indiana,317-489-2366
8,Chester,Adrian,Male,cadrian7@hp.com,89 Stephen Terrace,36195,Alabama,334-714-6870
9,Dannel,Breming,Male,dbreming8@tamu.edu,567 Starling Drive,78260,Texas,210-196-9877
10,Warde,Baniard,Male,wbaniard9@bbc.co.uk,,31605,Georgia,229-225-7698
11,Hollis,Risborough,,hrisborougha@chicagotribune.com,32 Lukken Alley,02283,,
12,Karlan,Swiffen,,kswiffenb@zdnet.com,3184 Sommers Terrace,48505,Michigan,810-383-3257
13,Georgina,Folbige,,gfolbigec@nbcnews.com,4276 Division Avenue,66210,Kansas,913-161-1096
14,Palmer,Battill,Male,pbattilld@theguardian.com,936 Mallard Alley,32891,Florida,407-715-3688
15,Jonie,Westell,,jwestelle@va.gov,09 Mockingbird Pass,87505,,
16,Ernesto,Brownbill,Male,ebrownbillf@drupal.org,211 Mandrake Avenue,94147,California,415-666-9982
17,Lawry,Dunsmuir,Male,ldunsmuirg@tripadvisor.com,68596 Hudson Road,,Pennsylvania,717-608-1085
18,Constantino,Sperling,Male,csperlingh@mac.com,4 Golden Leaf Trail,90005,California,562-405-1971
19,Nadya,Hadeke,Female,nhadekei@examiner.com,25862 7th Road,55188,Minnesota,651-595-0797
20,Alexine,Crilley,Female,,316 Melody Crossing,19141,Pennsylvania,215-140-6192
21,Giacomo,Walding,Male,gwaldingk@cornell.edu,65 Spohn Hill,29411,South Carolina,843-722-5084
22,Chariot,Alexsandrev,Male,calexsandrevl@cnet.com,,13251,New York,315-215-2935
23,Tabbie,Driffe,Female,tdriffem@ucoz.com,1 Rusk Place,92612,California,714-103-9021
24,Cyrill,Egan,Male,cegann@prlog.org,72 Bartillon Point,93305,California,661-341-1698
25,Ediva,Lyness,Female,elynesso@shareasale.com,650 Portage Point,72916,Arkansas,479-869-6590
26,Reid,Antoszczyk,Male,rantoszczykp@imgur.com,9663 Lakewood Parkway,93762,California,559-651-5434
27,Roanne,Poppleston,Female,rpopplestonq@usda.gov,46160 Sycamore Parkway,44321,Ohio,330-792-5116
28,Evered,Norris,Male,,,62776,Illinois,217-115-5837
29,Joey,Sooley,Female,jsooleys@flavors.me,049 Fieldstone Street,85040,Arizona,480-890-3763
30,Maxine,Drayson,,,022 Golden Leaf Street,60669,Illinois,312-490-4389
31,Lawrence,,Male,ldobingu@narod.ru,877 Buhler Junction,77201,Texas,713-679-1419
32,Dina,Inde,Female,dindev@hugedomains.com,72216 Brickson Park Parkway,90398,California,310-827-2591
33,Freddy,Blandamore,Male,fblandamorew@xing.com,1 Eastwood Pass,25711,West Virginia,304-790-2181
34,Gerhardt,Tolossi,Male,gtolossix@google.com.au,,47719,Indiana,812-495-0350
35,Kristofor,Guidera,Male,kguideray@reverbnation.com,94 Miller Pass,35225,Alabama,205-838-9893
36,Irwinn,Tinmouth,Male,itinmouthz@fema.gov,5 International Point,02472,Massachusetts,617-812-2805
37,Kenton,Espie,Male,kespie10@google.com,1069 Grayhawk Street,73167,Oklahoma,405-803-9347
38,Myrtia,Izsak,Female,mizsak11@mit.edu,15127 Bluestem Drive,40225,Kentucky,502-975-1369
39,Allys,Domaschke,Female,adomaschke12@mapy.cz,9499 Moose Hill,,Missouri,573-768-0392
40,Sherill,Punch,Female,spunch13@dot.gov,51906 Hallows Center,64199,Missouri,816-771-5025
41,See,MacCorley,Male,smaccorley14@multiply.com,7940 Alpine Parkway,95054,California,408-883-0542
42,Tait,Kirkbright,Male,tkirkbright15@miibeian.gov.cn,65665 Sommers Court,55590,Minnesota,763-346-5020
43,Bil,Adamoli,Male,,0213 Pepper Wood Crossing,77015,,
44,Harrison,Halfacree,Male,hhalfacree17@nasa.gov,,94250,California,916-887-2398
45,Melodee,Leverington,Female,mleverington18@cnn.com,55 Fallview Alley,92165,California,619-840-5169
46,Lyndell,Tewkesberry,Female,ltewkesberry19@blinklist.com,818 Brown Junction,10474,New York,718-198-3746
47,Clevie,Berlin,Male,cberlin1a@hugedomains.com,85 Straubel Circle,97232,Oregon,503-684-3012
48,,Izaks,Male,mizaks1b@example.com,133 South Road,,,
49,Carrie,Fosten,Female,cfosten1c@kickstarter.com,517 Service Hill,79605,Texas,325-119-0460
50,Lola,Poe,Female,,95 Esch Way,18763,Pennsylvania,570-121-2297
51,Linc,MacGuffog,Male,lmacguffog1e@desdev.cn,4527 Parkside Crossing,08603,New Jersey,609-755-2973
52,Fawne,Kopecka,,fkopecka1f@berkeley.edu,19014 Lighthouse Bay Trail,23504,Virginia,757-653-3460
53,Cecilio,Darnody,Male,cdarnody1g@hugedomains.com,7 Surrey Park,89505,Nevada,775-659-2859
54,,Marquez,Female,emarquez1h@samsung.com,,84189,Utah,801-574-7068
55,Ethan,Emanson,Male,eemanson1i@cloudflare.com,916 Ridgeway Plaza,34479,Florida,352-237-3267
56,Herb,Posen,Male,hposen1j@facebook.com,12 Sommers Avenue,,Connecticut,203-486-9935
57,Obed,Drohan,Male,odrohan1k@addthis.com,9130 4th Parkway,21239,Maryland,410-444-9264
58,Floris,Wollrauch,Female,fwollrauch1l@mayoclinic.com,19389 Lawn Center,10105,New York,212-866-6399
59,Mareah,De La Hay,Female,mdelahay1m@addthis.com,82 Sherman Lane,32590,Florida,850-290-3486
60,Matias,Sivills,Male,msivills1n@cmu.edu,9 Hollow Ridge Road,,Pennsylvania,610-350-2833
61,Davie,Rieger,Male,drieger1o@networkadvertising.org,7348 Northview Court,10454,New York,718-627-1666
62,Kora,Lawdham,Female,klawdham1p@samsung.com,8 Laurel Trail,55458,Minnesota,612-297-9624
63,Marjie,Dunnico,Female,mdunnico1q@youtu.be,363 Paget Terrace,39705,Mississippi,662-706-1275
64,Demetrius,MacAnulty,Male,dmacanulty1r@alexa.com,87323 Veith Parkway,10454,New York,718-104-0699
65,Angel,Giacubbo,Female,,847 Glendale Hill,55115,Minnesota,763-223-4265
66,Ted,Peoples,,tpeoples1t@apache.org,243 Esker Lane,05609,,
67,Kimble,Bendelow,Male,,969 Beilfuss Court,29625,South Carolina,864-522-6178
68,Eda,Flavelle,Female,eflavelle1v@dot.gov,9207 Vernon Street,71166,Louisiana,318-905-3259
69,Nara,Liver,Female,nliver1w@angelfire.com,642 Valley Edge Alley,,Florida,850-679-5811
70,Marthena,Dict,,mdict1x@lycos.com,,29505,South Carolina,843-635-1604
71,Aida,Woolrich,Female,awoolrich1y@gnu.org,048 Rieder Junction,20005,District of Columbia,202-373-1255
72,Lonni,Rigts,Female,lrigts1z@aboutads.info,5 Summerview Street,40220,Kentucky,502-311-5528
73,Wallache,Hawken,,whawken20@hhs.gov,2 Lakewood Lane,,,
74,Vonny,Roll,Female,vroll21@telegraph.co.uk,,33731,,
75,Archibaldo,Rogger,Male,arogger22@baidu.com,73382 Melby Terrace,12247,New York,518-865-6837
76,Sheff,Ruspine,Male,sruspine23@soundcloud.com,3444 Manitowish Place,40581,Kentucky,859-405-3103
77,Karilynn,Filyushkin,Female,kfilyushkin24@google.pl,8153 Goodland Crossing,15279,Pennsylvania,412-803-1837
78,Pegeen,Cruce,Female,,987 Parkside Terrace,85260,Arizona,623-829-6793
79,Honoria,Fenix,,hfenix26@sbwire.com,0 Corscot Plaza,78291,Texas,210-399-2387
80,Lezley,Itzchaky,Male,litzchaky27@unblog.fr,1551 Westend Parkway,,Florida,863-133-1544
81,Benedetta,Daniels,Female,bdaniels28@addthis.com,2136 Randy Junction,12247,New York,518-154-6767
82,Cassondra,Paolicchi,,cpaolicchi29@cargocollective.com,4015 Sycamore Park,60652,Illinois,773-221-3855
83,Natal,Bubear,Male,,4971 Orin Circle,21281,Maryland,410-284-1636
84,Diarmid,Britland,Male,dbritland2b@deviantart.com,835 Golden Leaf Hill,89155,Nevada,702-233-8685
85,Willie,Challen,Male,wchallen2c@narod.ru,87890 Mockingbird Park,38136,Tennessee,901-597-8960
86,Normie,Camplen,Male,ncamplen2d@ycombinator.com,819 Morningstar Court,16510,Pennsylvania,814-591-0572
87,Donnamarie,Chesterfield,Female,dchesterfield2e@pagesperso-orange.fr,,67215,Kansas,316-184-2293
88,Frankie,Jahnel,Female,fjahnel2f@yandex.ru,08005 Logan Center,92424,California,909-844-1665
89,Hillary,O'Sheils,Male,hosheils2g@umich.edu,73623 Barby Avenue,10464,New York,917-397-7956
90,Theresina,Colquete,Female,tcolquete2h@army.mil,951 Elgar Trail,36104,Alabama,334-409-8389
91,Byrann,Dudderidge,Male,bdudderidge2i@bizjournals.com,,99812,Alaska,907-155-3512
92,Celie,Janczewski,Female,cjanczewski2j@dyndns.org,8640 Hovde Hill,20508,District of Columbia,202-636-2273
93,Boigie,Middell,Male,bmiddell2k@theglobeandmail.com,941 Anzinger Place,,,
94,Cristabel,Cowpe,Female,ccowpe2l@businessinsider.com,,73135,Oklahoma,405-872-6582
95,Lind,Riepl,Male,lriepl2m@fastcompany.com,8 Dovetail Crossing,,Michigan,231-984-4406
96,Ashton,Mullally,Male,amullally2n@mapy.cz,3 Hazelcrest Hill,20010,,
97,Collen,Glencorse,Female,cglencorse2o@1688.com,68 Thierer Point,13217,New York,315-729-1931
98,Agnella,Clurow,,aclurow2p@usa.gov,79 Butternut Circle,15240,Pennsylvania,412-540-7222
99,Gypsy,Jedrzejkiewicz,Female,gjedrzejkiewicz2q@fda.gov,44 Melrose Street,39705,Mississippi,662-721-2794
100,Anthia,Nealey,Female,anealey2r@friendfeed.com,,79955,Texas,915-917-9795
101,Lin,Kleis,Female,lkleis2s@prweb.com,87793 Clarendon Place,,Idaho,208-548-3550
102,Georgiana,Ivanov,,,23 Park Meadow Road,33028,Florida,954-576-2756
103,Anjela,Gladtbach,Female,agladtbach2u@etsy.com,7 Shelley Drive,78749,Texas,512-611-4874
104,Marje,Carnaman,Female,mcarnaman2v@addthis.com,,10034,New York,917-379-8822
105,Masha,Barritt,Female,mbarritt2w@google.cn,3026 Montana Place,,California,858-116-5270
106,Philip,Lamblot,Male,plamblot2x@nationalgeographic.com,8 Menomonie Park,,California,925-672-4107
107,Coralie,Strathdee,Female,cstrathdee2y@forbes.com,8 Hanover Pass,,,
108,Hersch,Dollar,Male,hdollar2z@gravatar.com,32656 Northwestern Circle,,Texas,432-792-4376
109,Wiatt,Ruperto,Male,wruperto30@imgur.com,2 Calypso Road,44710,Ohio,330-636-0507
110,Pip,Moland,Male,pmoland31@csmonitor.com,89304 Fuller Avenue,34981,Florida,772-142-2418
111,Gaston,Hestrop,,ghestrop32@slideshare.net,24965 Parkside Drive,20073,District of Columbia,202-231-6378
112,Codee,Yateman,Female,cyateman33@fotki.com,6 Fulton Drive,18768,Pennsylvania,570-519-9989
113,Patricio,Sherrock,Male,psherrock34@google.co.uk,723 Dixon Street,32868,Florida,407-133-2108
114,Katrine,Dwerryhouse,Female,kdwerryhouse35@blogger.com,2328 East Junction,,California,559-158-7079
115,Dieter,Simmers,Male,dsimmers36@shinystat.com,828 Corry Point,30919,Georgia,706-647-0324
116,Marcelia,Maryon,Female,mmaryon37@flavors.me,1665 Oakridge Point,33129,Florida,305-427-6875
117,Emmalee,Clemson,Female,eclemson38@nsw.gov.au,862 Kim Court,94110,California,562-581-0566
118,Kermit,Rodrig,Male,krodrig39@youku.com,13284 Fairfield Place,68197,Nebraska,402-105-4098
119,Alli,Benbough,,abenbough3a@google.cn,0311 Fremont Street,88535,Texas,915-238-3783
120,Horton,Sarfatti,Male,hsarfatti3b@wufoo.com,345 Randy Park,33972,Florida,239-903-6631
121,,Matyashev,Female,cmatyashev3c@domainmarket.com,72 Blackbird Drive,87201,New Mexico,505-910-4423
122,Christie,Marcus,Female,cmarcus3d@cisco.com,61280 Talmadge Trail,77386,Texas,832-368-7334
123,Marget,Pillman,Female,mpillman3e@php.net,97088 Heffernan Point,,District of Columbia,202-262-8075
124,Elyssa,Raynes,Female,eraynes3f@1und1.de,9 Golf Park,80638,Colorado,970-234-7590
125,Sterling,Heaffey,Male,sheaffey3g@ibm.com,4 Express Junction,85020,Arizona,602-965-1093
126,Leighton,Hatherleigh,Male,lhatherleigh3h@cbc.ca,3318 Graedel Center,,Florida,561-531-4042
127,Maddi,De Gregoli,Female,mdegregoli3i@ucla.edu,6159 Crowley Pass,20370,District of Columbia,202-978-8988
128,Gaspar,Sarten,Male,gsarten3j@quantcast.com,350 Maple Court,85284,Arizona,480-519-6099
129,Tammi,Greendale,Female,tgreendale3k@guardian.co.uk,57 Tomscot Street,28242,North Carolina,704-817-9913
130,May,Tripe,Female,mtripe3l@google.co.uk,9626 La Follette Lane,34233,Florida,941-436-4247
131,Minnaminnie,Boschmann,Female,mboschmann3m@goodreads.com,0 Southridge Point,95405,California,707-817-8428
132,Ardra,Treweek,Female,atreweek3n@eepurl.com,092 Dunning Avenue,70116,Louisiana,504-563-8432
133,Leonid,Danahar,Male,ldanahar3o@theglobeandmail.com,0 Dapin Court,40233,Kentucky,502-710-4042
134,Roberta,Belford,Female,rbelford3p@marketwatch.com,6554 Lake View Terrace,72118,Arkansas,501-427-2035
135,Dame,Hakewell,Male,dhakewell3q@ftc.gov,92 Morningstar Circle,93907,California,831-294-1029
136,Sadie,Bertrand,Female,sbertrand3r@csmonitor.com,6097 Helena Alley,,Kansas,785-912-9357
137,Tomas,Skipp,Male,tskipp3s@myspace.com,0 Lakewood Court,44705,Ohio,330-231-0345
138,Rhona,Father,Female,rfather3t@hud.gov,76 Shasta Pass,36622,Alabama,251-552-7887
139,Sallie,Zarfat,Female,szarfat3u@buzzfeed.com,30 Crownhardt Street,66112,Kansas,816-126-8263
140,Homer,Morman,Male,hmorman3v@alibaba.com,86171 Canary Street,95210,California,209-983-3639
141,Kermie,Kiffe,Male,kkiffe3w@sfgate.com,9 3rd Pass,61635,Illinois,309-821-9414
142,Chrissy,Conew,Male,cconew3x@imdb.com,7 Northview Place,29240,South Carolina,803-964-5203
143,Gabriela,Emmins,Female,gemmins3y@mac.com,4 Wayridge Center,19178,Pennsylvania,215-247-7815
144,,Hentzer,Male,jhentzer3z@prnewswire.com,0 Calypso Trail,55172,Minnesota,651-254-4689
145,Emmerich,Sherbrooke,Male,,14 Ludington Parkway,71208,Louisiana,318-766-8713
146,Michel,Brigdale,Male,mbrigdale41@businessweek.com,054 Fulton Plaza,20575,District of Columbia,202-962-5063
147,Alano,Cursons,Male,acursons42@google.co.jp,455 Sundown Pass,83206,Idaho,208-922-4358
148,,Walkowski,Female,ewalkowski43@ibm.com,4547 Mariners Cove Point,20566,District of Columbia,202-585-5162
149,Tristan,Zuanazzi,Male,,22768 Mifflin Park,70142,Louisiana,504-442-7311
150,Berke,McCarlie,Male,bmccarlie45@vkontakte.ru,09 Sullivan Road,15205,Pennsylvania,412-712-1045
151,Marcela,Waye,Female,mwaye46@canalblog.com,56907 Eastwood Center,30919,Georgia,706-914-7486
152,Lorita,Danzey,Female,ldanzey47@state.gov,48 6th Street,,Texas,915-265-5916
153,Bogey,Stripling,Male,bstripling48@berkeley.edu,85775 Hayes Park,91205,California,818-801-2121
154,,Walthall,Female,vwalthall49@google.co.jp,41 Pennsylvania Park,29605,South Carolina,864-178-1260
155,Mandel,Wykey,Male,mwykey4a@phpbb.com,152 Del Mar Circle,,Connecticut,860-817-8984
156,Allister,Poynter,Male,apoynter4b@gov.uk,09666 Pond Plaza,11054,New York,516-494-7481
157,Sada,Lower,Female,slower4c@europa.eu,1 Crescent Oaks Alley,06905,Connecticut,203-307-1465
158,Ruthy,Flatte,Female,rflatte4d@sina.com.cn,,41905,Kentucky,502-223-0120
159,Baird,Bernardy,Male,bbernardy4e@ucoz.com,3031 Hansons Place,63158,Missouri,314-409-4230
160,Brendon,Shakesbye,Male,bshakesbye4f@hugedomains.com,4 Lillian Plaza,11044,New York,516-202-4624
161,Meriel,Beardsdale,Female,,8 Del Sol Terrace,21203,Maryland,410-355-8881
162,Mortimer,Lavielle,Male,mlavielle4h@mediafire.com,6484 Laurel Road,33737,Florida,727-120-9214
163,Nathanil,Lampert,Male,nlampert4i@miibeian.gov.cn,985 Lawn Circle,12262,New York,518-403-8780
164,Leeanne,Trevan,Female,ltrevan4j@patch.com,3 Hanson Drive,70116,Louisiana,504-851-5675
165,Darrick,Nise,Male,dnise4k@irs.gov,186 Hanover Center,10014,New York,646-433-7670
166,,Son,Male,cson4l@samsung.com,14 Pennsylvania Court,77085,Texas,713-737-0745
167,Katusha,Fox,Female,kfox4m@behance.net,1 Southridge Park,72204,Arkansas,501-530-4191
168,Jamie,Brazil,Male,jbrazil4n@marketwatch.com,46694 Carioca Hill,50305,Iowa,515-106-1825
169,Jillayne,Bossom,Female,,8469 Holmberg Hill,,Illinois,217-941-7854
170,Torie,Jacob,Female,tjacob4p@intel.com,43 Stang Parkway,,New Hampshire,603-689-1003
171,Shell,Goldingay,Female,sgoldingay4q@parallels.com,3 Surrey Park,89193,,
172,Valeria,Woodrow,Female,,90 Trailsway Park,79405,Texas,806-878-2842
173,Henri,Minchell,Male,hminchell4s@issuu.com,0 Katie Point,84125,Utah,801-344-2006
174,Theadora,Grinin,Female,tgrinin4t@illinois.edu,136 Buhler Terrace,06105,Connecticut,860-872-2624
175,Latisha,Tuffrey,Female,ltuffrey4u@netlog.com,7832 Golden Leaf Circle,,District of Columbia,202-635-3139
176,,Cisland,Male,kcisland4v@nsw.gov.au,266 Rutledge Circle,,Illinois,815-874-6184
177,Patty,Torri,Male,ptorri4w@wired.com,32762 Ridgeway Parkway,44315,Ohio,330-712-6593
178,Aguie,Beastall,Male,abeastall4x@bizjournals.com,04 Westerfield Hill,49518,Michigan,616-818-2141
179,Hyacinth,Rapin,Female,hrapin4y@ucla.edu,168 Walton Hill,94302,California,650-299-8697
180,Ezequiel,Cheetham,Male,echeetham4z@omniture.com,3 Crowley Circle,75710,Texas,903-695-0840
181,Karla,McGorley,Female,kmcgorley50@lulu.com,,80126,Colorado,720-905-4930
182,Ricki,Paullin,Male,rpaullin51@google.it,6021 Hauk Junction,33261,Florida,305-629-4701
183,Elton,Matterdace,Male,ematterdace52@cdbaby.com,6 Jay Parkway,98516,Washington,360-364-6247
184,Guglielma,Nayshe,Female,gnayshe53@vk.com,9740 Redwing Point,29203,South Carolina,803-772-8810
185,Serge,Rolin,Male,srolin54@ftc.gov,1886 Elmside Trail,92844,California,310-838-7511
186,Michail,Tevelov,Male,mtevelov55@paypal.com,5326 John Wall Trail,89012,,
187,Lizabeth,Gibbett,Female,lgibbett56@bandcamp.com,8783 Brentwood Pass,90065,California,323-891-6362
188,Shae,Rogerson,Female,,018 Huxley Junction,85720,Arizona,520-879-6909
189,Bert,Woan,Male,bwoan58@w3.org,,70805,Louisiana,225-384-2271
190,Brinna,Walden,Female,bwalden59@soup.io,9 Nobel Parkway,49518,,
191,Peyton,Pettegree,Male,ppettegree5a@macromedia.com,,31165,Georgia,404-584-0806
192,Daven,Carss,Male,dcarss5b@sohu.com,25 Green Point,85737,Arizona,520-718-1163
193,Wilhelm,Punch,Male,wpunch5c@icio.us,516 Moland Circle,32859,Florida,407-854-1087
194,Selena,Guess,Female,sguess5d@about.me,,23509,Virginia,757-773-6668
195,Catharina,Smales,,csmales5e@t-online.de,947 Northwestern Drive,77844,Texas,979-786-6794
196,Man,Reckless,Male,,41 Magdeline Plaza,60505,Illinois,312-663-1653
197,Worden,Scouler,Male,wscouler5g@alibaba.com,7 Dunning Junction,02119,Massachusetts,617-476-2182
198,Yehudit,Voce,Male,yvoce5h@soup.io,1 Moulton Way,25321,West Virginia,304-119-6852
199,Lucina,Harm,Female,lharm5i@ucla.edu,76964 Forster Park,03105,New Hampshire,603-765-2971
200,,Howton,Male,rhowton5j@yandex.ru,9272 Killdeer Pass,65805,Missouri,417-654-7312
201,Analise,Haskayne,Female,ahaskayne5k@usa.gov,7603 Mallory Lane,50335,Iowa,515-364-5566
202,Brinn,Ranshaw,Female,branshaw5l@tripod.com,802 Kropf Court,97206,Oregon,503-829-0344
203,Waring,Labet,Male,wlabet5m@mtv.com,39492 Pankratz Pass,53234,Wisconsin,414-124-9075
204,Margalit,Marcu,Female,mmarcu5n@qq.com,1566 Wayridge Center,96810,Hawaii,808-976-8118
205,Daisy,Hugland,Female,dhugland5o@fotki.com,39683 Hagan Plaza,50310,Iowa,515-561-9065
206,Beth,Ianiello,Female,bianiello5p@wufoo.com,7 Holmberg Way,89178,Nevada,702-330-3373
207,Alick,Millis,Male,amillis5q@furl.net,723 Kim Junction,36114,Alabama,334-641-4113
208,Nathanil,Ruggles,Male,nruggles5r@furl.net,597 Lunder Pass,47306,Indiana,765-580-5666
209,Rogerio,Sabathier,Male,,47967 Mcbride Place,80995,Colorado,719-676-3304
210,Obed,Holgan,Male,oholgan5t@woothemes.com,6736 Springview Avenue,70129,Louisiana,504-725-9190
211,Herman,Minifie,Male,hminifie5u@hibu.com,267 Artisan Point,57105,South Dakota,605-983-1797
212,Samaria,McBay,Female,smcbay5v@un.org,33 Hudson Street,20456,District of Columbia,202-602-8270
213,Antony,Chinge de Hals,Male,achingedehals5w@imdb.com,33 Arapahoe Plaza,78260,Texas,210-785-3941
214,Puff,Norway,,pnorway5x@sbwire.com,1 Clemons Center,43666,Ohio,419-521-7366
215,Jemimah,Nasi,Female,jnasi5y@goo.gl,9 Service Lane,59112,Montana,406-664-0964
216,Hyacinthe,Doull,Female,hdoull5z@microsoft.com,964 Saint Paul Avenue,99709,Alaska,907-158-8006
217,Joela,Matysiak,Female,jmatysiak60@scribd.com,724 Hauk Way,85015,Arizona,602-250-5124
218,Maridel,Blesli,Female,mblesli61@bizjournals.com,6 Lien Terrace,98417,Washington,253-225-8538
219,Karie,Sheavills,Female,ksheavills62@photobucket.com,815 Everett Trail,60567,Illinois,630-549-6958
220,Elton,Sidnall,Male,esidnall63@dyndns.org,2040 Sherman Terrace,15250,Pennsylvania,412-624-5088
221,Leopold,Tellwright,Male,ltellwright64@addtoany.com,7088 Magdeline Avenue,31704,Georgia,229-357-0322
222,Tammara,Duddle,Female,tduddle65@about.com,70 Luster Avenue,37939,Tennessee,865-579-2391
223,,Lambourne,Female,klambourne66@msn.com,06 Elgar Alley,93381,California,661-385-1263
224,Kerianne,Obey,Female,kobey67@miibeian.gov.cn,,68505,Nebraska,402-449-6329
225,Jaimie,Kubiak,Male,jkubiak68@google.com.hk,892 Cardinal Pass,97405,Oregon,541-947-6639
226,Fergus,Ramelot,Male,framelot69@trellian.com,01 Sage Trail,94291,California,916-293-2879
227,,Magnay,Male,smagnay6a@si.edu,2 Manufacturers Lane,92191,California,619-727-9592
228,Ardyce,Rotherham,,arotherham6b@tinypic.com,05 Menomonie Road,55166,Minnesota,651-216-7428
229,Christoph,Dufour,Male,cdufour6c@alibaba.com,2760 Oxford Alley,43210,Ohio,614-102-2473
230,Marijo,Busen,Female,mbusen6d@house.gov,72 Ryan Lane,33180,Florida,786-121-0419
231,Shepperd,McGennis,Male,smcgennis6e@twitpic.com,19 Union Street,74184,Oklahoma,918-967-5678
232,Coralyn,Conford,,cconford6f@jalbum.net,48755 Warner Circle,94660,California,510-868-0006
233,Aldus,Fatharly,Male,,9063 Emmet Junction,49006,Michigan,269-154-8425
234,Christian,Krojn,Male,ckrojn6h@soundcloud.com,,,California,805-628-0302
235,Joachim,Halton,Male,jhalton6i@hugedomains.com,8 Badeau Crossing,25331,West Virginia,304-292-4265
236,Dorie,Ubank,Male,dubank6j@amazon.co.uk,5 Gale Alley,25705,West Virginia,304-436-9791
237,Peyton,Fortye,Male,,711 Vermont Alley,66160,Kansas,913-250-2959
238,Barron,Allett,Male,ballett6l@webmd.com,854 Graedel Junction,81005,Colorado,719-917-3033
239,Bev,Karoly,Male,bkaroly6m@mozilla.com,05202 Hansons Court,80249,Colorado,720-246-3887
240,Jessie,Skirrow,,jskirrow6n@who.int,18847 Kenwood Circle,91131,California,626-163-0022
241,Ginni,Fenne,Female,gfenne6o@technorati.com,,75251,,
242,Devonna,Davitt,Female,ddavitt6p@g.co,19683 Kipling Court,33961,Florida,305-285-2831
243,Margarethe,Dabling,Female,mdabling6q@moonfruit.com,1832 Towne Park,85215,Arizona,602-523-8192
244,Lois,Gwyllt,Female,lgwyllt6r@ft.com,,77050,Texas,281-360-9730
245,Vergil,Mannin,Male,vmannin6s@mapy.cz,,34985,Florida,772-223-6977
246,Alma,,,ayakuntzov6t@comcast.net,67 Monterey Parkway,94622,California,510-953-7118
247,Nettle,Maxstead,Female,nmaxstead6u@eventbrite.com,56439 Jenna Avenue,61825,Illinois,217-238-2232
248,Goddart,Udale,Male,gudale6v@facebook.com,0800 Gale Place,44191,Ohio,216-645-7762
249,Merrick,Grimmett,Male,mgrimmett6w@ucla.edu,5047 Sauthoff Crossing,24515,Virginia,434-220-3257
250,Claiborne,Jerzak,Male,cjerzak6x@google.nl,91061 North Plaza,,Texas,713-625-7596
251,Odette,Gaiter,Female,ogaiter6y@wiley.com,86996 Utah Terrace,75074,Texas,469-183-9369
252,Claiborn,Romi,Male,cromi6z@archive.org,21153 Clove Plaza,33075,Florida,754-523-0580
253,Nelie,Skures,Female,nskures70@amazon.co.jp,7432 Toban Park,91199,California,626-551-7406
254,Penrod,Hedworth,Male,phedworth71@howstuffworks.com,307 Londonderry Lane,92105,California,858-803-9052
255,,Imlock,Male,jimlock72@answers.com,27 Pawling Alley,,Ohio,614-231-1279
256,Hort,Corkhill,Male,hcorkhill73@paginegialle.it,7680 Veith Place,60674,Illinois,312-238-0002
257,Bartram,Mungan,Male,,,,Arkansas,501-409-8490
258,Carling,Di Giacomo,Male,cdigiacomo75@comsenz.com,32 Express Plaza,,Texas,713-623-9355
259,Kenny,Pegden,Male,kpegden76@hatena.ne.jp,5613 Manufacturers Terrace,20226,District of Columbia,202-560-1364
260,Arvie,Broadwood,,abroadwood77@mlb.com,,35805,Alabama,256-780-7476
261,Janella,Tembridge,Female,jtembridge78@whitehouse.gov,2 Westend Parkway,33028,Florida,305-873-1541
262,Yorgos,Bigley,Male,ybigley79@indiegogo.com,28646 Carpenter Lane,94121,,
263,Bartlett,Duckwith,Male,bduckwith7a@dion.ne.jp,47 Jenna Junction,34135,Florida,941-465-4221
264,Camellia,Dogerty,Female,cdogerty7b@illinois.edu,5 Express Parkway,81010,,
265,Ardys,Baptista,Female,abaptista7c@weebly.com,98 Brentwood Lane,30610,Georgia,706-485-3824
266,Olivier,Dabnor,Male,odabnor7d@admin.ch,,54915,Wisconsin,920-953-7525
267,Barnett,O'Connel,Male,boconnel7e@weebly.com,8 Porter Terrace,33620,Florida,813-285-0250
268,Martelle,Geldeford,Female,mgeldeford7f@t-online.de,327 Veith Pass,06854,Connecticut,203-982-7135
269,Camilla,Askell,Female,caskell7g@mozilla.com,14573 Oxford Alley,98417,Washington,253-993-4641
270,Nappie,Hub,Male,nhub7h@creativecommons.org,803 Ilene Street,50335,Iowa,515-659-2879
271,Mead,Wyllis,Male,mwyllis7i@lycos.com,02513 Green Point,53726,Wisconsin,608-539-6694
272,Arlinda,Grigaut,Female,,,45505,Ohio,937-498-0055
273,Deva,Montel,,dmontel7k@sakura.ne.jp,04 Elka Circle,87180,New Mexico,505-541-2438
274,Reggi,Clack,Female,rclack7l@linkedin.com,1 Colorado Circle,06127,Connecticut,860-211-6226
275,Phillida,Tyrrell,Female,ptyrrell7m@mapy.cz,560 Gale Avenue,25313,West Virginia,304-802-7466
276,Cheslie,McGilmartin,Female,cmcgilmartin7n@tiny.cc,9 Coolidge Alley,01654,Massachusetts,508-686-5858
277,Rudiger,,Male,rcode7o@nyu.edu,054 Little Fleur Street,55407,Minnesota,952-797-1893
278,Clyde,Chugg,Male,cchugg7p@japanpost.jp,43208 Schmedeman Point,31998,Georgia,706-112-9527
279,Yankee,Shere,,yshere7q@meetup.com,11825 Pepper Wood Hill,32813,Florida,407-528-7960
280,Teressa,Carlick,Female,tcarlick7r@omniture.com,2120 Schlimgen Hill,22156,Virginia,571-307-1805
281,Waly,Purdey,,wpurdey7s@acquirethisname.com,5 Main Way,14210,New York,716-141-2802
282,Damiano,Ogglebie,Male,dogglebie7t@google.it,8479 Transport Junction,39282,Mississippi,601-839-6203
283,Hobey,Hughes,Male,hhughes7u@usnews.com,4 High Crossing Plaza,90305,California,310-569-7312
284,Aline,Liptrot,Female,aliptrot7v@t.co,5 Del Sol Street,,Nevada,702-904-3957
285,Carissa,Fetterplace,Female,cfetterplace7w@freewebs.com,,,Illinois,309-318-9452
286,Opaline,Landes,Female,olandes7x@wufoo.com,29163 Manitowish Terrace,29805,South Carolina,803-773-8650
287,Agneta,Longworth,Female,alongworth7y@acquirethisname.com,160 Rusk Parkway,95865,,
288,Brew,Fieldhouse,Male,bfieldhouse7z@webmd.com,0423 Stuart Trail,64114,Missouri,816-463-4031
289,Mikael,Moukes,Male,mmoukes80@odnoklassniki.ru,9 Mosinee Park,80044,Colorado,303-924-2725
290,Lowrance,Divis,Male,ldivis81@trellian.com,8060 Warrior Court,64504,,
291,Konrad,Frobisher,Male,,7711 Westerfield Center,30340,Georgia,770-977-5284
292,Diahann,Holleworth,Female,dholleworth83@devhub.com,0600 Mallard Hill,90060,California,323-452-6476
293,Klement,Heppenspall,Male,kheppenspall84@bravesites.com,66 Myrtle Trail,60604,Illinois,312-876-2769
294,,MacNaughton,,hmacnaughton85@sciencedirect.com,,60158,Illinois,309-277-9036
295,Sayres,Tredget,Male,stredget86@dailymail.co.uk,0240 Green Ridge Crossing,23289,Virginia,804-186-9287
296,,McSpirron,Female,cmcspirron87@accuweather.com,5 Grim Hill,84135,Utah,801-191-9046
297,Rosco,Wysome,Male,rwysome88@theglobeandmail.com,10658 Jenifer Avenue,93740,California,559-348-8906
298,Halimeda,Jobe,Female,hjobe89@cisco.com,1 Manitowish Center,92196,California,619-881-5631
299,Katrina,Gwinnett,Female,kgwinnett8a@huffingtonpost.com,469 American Ash Drive,92513,California,951-673-8274
300,Eugine,Tuting,Female,etuting8b@livejournal.com,0 6th Court,,New York,646-632-7224
301,Roxie,Vinecombe,Female,rvinecombe8c@goo.gl,,38308,Tennessee,731-784-8050
302,Kaitlyn,McGillacoell,Female,kmcgillacoell8d@reverbnation.com,71040 Hermina Avenue,03804,New Hampshire,603-605-6415
303,Jamison,Muckleston,Male,jmuckleston8e@google.ru,61272 Hoard Park,91205,California,323-524-8528
304,Clementia,Antos,Female,cantos8f@foxnews.com,5668 Anniversary Point,22244,Virginia,571-537-5473
305,Dale,Simonds,Male,dsimonds8g@amazonaws.com,37007 Division Circle,94257,California,916-647-6201
306,Logan,Thompkins,Male,lthompkins8h@admin.ch,04043 Fieldstone Place,21282,Maryland,410-346-1698
307,Hailey,Jurgensen,Male,hjurgensen8i@omniture.com,3 Derek Street,53220,Wisconsin,414-281-0588
308,Terrel,Mafham,Male,tmafham8j@google.fr,0440 6th Lane,29305,South Carolina,864-864-0290
309,Portia,Oertzen,Female,poertzen8k@prlog.org,,20599,District of Columbia,202-433-9240
310,Bevan,Barnet,Male,bbarnet8l@bbb.org,684 Towne Trail,88574,Texas,915-477-8940
311,Herby,Dangerfield,Male,hdangerfield8m@paginegialle.it,2 Anthes Drive,33141,Florida,305-487-3391
312,,,Male,aviegas8n@ucsd.edu,9249 Mandrake Pass,80291,,
313,Marlo,Rochewell,Female,mrochewell8o@diigo.com,273 Manitowish Road,20456,District of Columbia,202-714-4521
314,Ezekiel,Tarr,Male,etarr8p@mashable.com,13 Claremont Terrace,60652,Illinois,312-610-6048
315,Joanne,Bygate,Female,jbygate8q@foxnews.com,97362 Rutledge Plaza,60351,Illinois,309-919-4759
316,Alphonso,Archibald,,aarchibald8r@blogspot.com,0 Hooker Lane,79118,Texas,806-508-1523
317,,Gianetti,Female,agianetti8s@shop-pro.jp,,32590,Florida,850-621-0384
318,Torin,Gutowska,Male,tgutowska8t@mozilla.org,534 Columbus Pass,49018,Michigan,269-227-5516
319,Jephthah,Spanswick,Male,jspanswick8u@dyndns.org,53857 Lotheville Plaza,76198,Texas,682-154-8337
320,Udell,Colmer,Male,ucolmer8v@hostgator.com,2857 Summit Drive,76544,Texas,254-597-9507
321,Rozalin,Waiton,Female,rwaiton8w@irs.gov,71709 Anthes Drive,02298,,
322,Rodney,D'Alessio,Male,rdalessio8x@squarespace.com,,20456,District of Columbia,202-497-2563
323,Dulcy,Hardwell,Female,dhardwell8y@discuz.net,01533 Ramsey Junction,02283,Massachusetts,978-166-3373
324,Stirling,Chateau,,schateau8z@miitbeian.gov.cn,86 Spenser Lane,70894,Louisiana,225-616-0543
325,Delcina,McBrearty,,dmcbrearty90@geocities.com,83891 Dryden Place,02298,Massachusetts,617-471-6379
326,Hart,Welford,Male,hwelford91@barnesandnoble.com,377 Westend Court,,Kansas,316-191-0315
327,Edd,Comiam,Male,,733 Stuart Court,20046,District of Columbia,202-465-5085
328,Keelia,Dunsire,Female,kdunsire93@latimes.com,8 Rowland Terrace,95818,California,916-332-9697
329,Zerk,Skyrme,Male,zskyrme94@un.org,19451 6th Way,31410,Georgia,912-747-6005
330,Rosalie,Gaddesby,Female,rgaddesby95@google.de,02381 Wayridge Avenue,53234,Wisconsin,414-207-2563
331,Clarance,,Male,csmead96@delicious.com,72633 Crownhardt Plaza,88579,Texas,915-984-3796
332,Packston,McCarroll,Male,pmccarroll97@weather.com,5 2nd Street,20409,District of Columbia,202-499-8530
333,,Walcher,Male,hwalcher98@dell.com,,53215,Wisconsin,414-853-0242
334,Carma,Sunderland,Female,csunderland99@technorati.com,628 Autumn Leaf Circle,98417,Washington,253-807-1978
335,Bev,McRuvie,Female,bmcruvie9a@mail.ru,50 Summit Park,24048,Virginia,540-910-0887
336,Noak,Earlam,Male,nearlam9b@free.fr,899 Northwestern Junction,77554,Texas,409-239-0429
337,Doretta,Plumridege,Female,dplumridege9c@amazon.co.uk,33 Susan Terrace,02124,Massachusetts,617-619-8264
338,,Theml,,stheml9d@google.com,853 Dryden Alley,12255,New York,518-422-5734
339,Hillary,Henaughan,Male,,160 Arapahoe Street,94622,California,510-739-3778
340,Olivero,Woolacott,Male,owoolacott9f@yellowbook.com,19 Bowman Lane,95205,California,209-589-9972
341,Nolie,Tenby,Female,ntenby9g@ameblo.jp,70446 Forest Terrace,92867,California,714-875-3549
342,Josi,Winder,Female,jwinder9h@joomla.org,6 Corben Lane,87121,New Mexico,505-346-6848
343,Maury,Parkhouse,Male,mparkhouse9i@exblog.jp,7004 Dexter Lane,93762,California,559-113-8565
344,Rebekah,Prin,Female,rprin9j@cargocollective.com,4057 Mandrake Avenue,76192,Texas,682-206-7844
345,Devlin,Halbeard,Male,dhalbeard9k@dot.gov,2 Prentice Place,77075,Texas,832-856-8293
346,Kurt,Greenhalgh,Male,kgreenhalgh9l@oracle.com,12468 Manufacturers Alley,,California,650-492-5002
347,Temple,Druery,Male,tdruery9m@nature.com,7 Acker Parkway,30340,Georgia,678-104-4810
348,Savina,,,swortman9n@surveymonkey.com,79251 Summit Drive,,Minnesota,612-429-4935
349,Cahra,Wallace,Female,cwallace9o@aboutads.info,,34290,,
350,Kinnie,Wheal,Male,kwheal9p@wordpress.org,01 Beilfuss Pass,93773,California,559-590-3804
351,Saunders,Robion,Male,srobion9q@youtu.be,46 Dixon Center,77240,Texas,713-957-2671
352,Si,Brandle,Male,sbrandle9r@tumblr.com,42735 Mandrake Drive,,Virginia,757-231-1078
353,Ernesta,Rollason,Female,erollason9s@hugedomains.com,96 New Castle Avenue,33731,Florida,727-197-9836
354,Sander,Bellhouse,Male,sbellhouse9t@reddit.com,2832 Washington Drive,76210,Texas,972-120-1927
355,Hilario,Franciottoi,Male,hfranciottoi9u@sciencedaily.com,30404 Farwell Park,92867,California,714-192-5882
356,Shellie,Birkbeck,Female,sbirkbeck9v@google.com.au,7408 Portage Drive,,Ohio,440-221-2635
357,Jeniece,Strongman,Female,jstrongman9w@usatoday.com,5235 Butterfield Court,20540,District of Columbia,202-141-6117
358,Madelene,Atherton,,matherton9x@flavors.me,87 Sunbrook Junction,70183,Louisiana,504-120-3919
359,Aloysia,Malec,Female,amalec9y@independent.co.uk,0 Carpenter Way,48555,Michigan,810-255-6936
360,Kiersten,Martynikhin,Female,kmartynikhin9z@blogger.com,4064 Arrowood Trail,48206,Michigan,586-116-5906
361,Viv,,Female,vroyla0@geocities.jp,1841 Claremont Junction,30911,Georgia,706-261-9755
362,Andrej,Davidou,Male,adavidoua1@vistaprint.com,7 Killdeer Avenue,95054,California,949-593-0410
363,Chevy,Cogzell,Male,ccogzella2@goo.ne.jp,98 7th Drive,97216,Oregon,503-810-7041
364,Laura,Eul,Female,leula3@unc.edu,9 Prairie Rose Point,28405,North Carolina,910-690-7523
365,Josephine,Pamphilon,Female,jpamphilona4@scientificamerican.com,89414 Trailsway Court,78475,Texas,361-721-6184
366,Cathyleen,Grigg,Female,cgrigga5@fc2.com,9822 Ridgeway Court,,California,559-327-5611
367,Jordana,Alywin,Female,jalywina6@answers.com,7 Prentice Trail,,Minnesota,651-956-3825
368,,Chiddy,Male,mchiddya7@independent.co.uk,3 Troy Street,11024,New York,516-913-4993
369,Amalee,,Female,agaskinga8@wikimedia.org,10091 American Ash Trail,37220,Tennessee,615-845-0884
370,Emlynn,Dodsworth,Female,edodswortha9@springer.com,9 Forest Run Junction,23220,Virginia,804-305-5090
371,Field,Manning,Male,fmanningaa@t.co,50 Springview Pass,27150,North Carolina,336-220-2917
372,Josias,Avon,Male,javonab@youku.com,0454 Forster Plaza,75251,Texas,214-638-4892
373,Keelby,Batte,Male,kbatteac@seesaa.net,15 Boyd Way,14619,New York,585-932-1054
374,Lexine,,Female,ldunsmoread@msu.edu,77 Corscot Plaza,39296,Mississippi,601-720-4121
375,Alfie,Fassum,Female,afassumae@vimeo.com,6 Iowa Drive,35231,Alabama,205-353-9710
376,Corey,Plom,Male,cplomaf@sogou.com,7098 Mitchell Point,92505,California,909-623-7715
377,Kari,Beachem,Female,kbeachemag@de.vu,56817 Westend Point,99512,Alaska,907-109-4303
378,Sinclare,Roydon,Male,sroydonah@boston.com,54709 Becker Hill,93778,California,559-609-8721
379,Marlane,MacKnight,Female,mmacknightai@wordpress.com,08 Drewry Plaza,46862,Indiana,260-118-5870
380,Vyky,Jobe,Female,,653 Declaration Parkway,06152,Connecticut,860-851-3296
381,Sigvard,Reveley,Male,sreveleyak@slashdot.org,5 Burning Wood Center,48505,Michigan,810-965-5339
382,Chucho,Pitts,Male,cpittsal@canalblog.com,6 Riverside Crossing,11388,,
383,Auguste,Rigg,Female,ariggam@latimes.com,7 Clyde Gallagher Place,46015,Indiana,765-242-0715
384,Tiertza,Brydone,Female,tbrydonean@toplist.cz,863 Petterle Court,33625,Florida,727-101-2042
385,Erena,Grundon,Female,egrundonao@spiegel.de,3 Rieder Avenue,89145,Nevada,702-814-2890
386,Ellis,Calveley,Male,ecalveleyap@twitter.com,35 Almo Crossing,,California,310-600-8384
387,Eugenia,Heinemann,Female,eheinemannaq@bloomberg.com,3888 Ruskin Junction,92013,California,760-142-2059
388,Birch,Colin,Male,,5 Ohio Center,10110,New York,212-819-6722
389,Hagan,Vispo,Male,hvispoas@hexun.com,452 Arkansas Center,94302,California,310-173-7017
390,Roarke,Leppard,Male,rleppardat@vimeo.com,4191 Bellgrove Terrace,96845,Hawaii,808-284-6749
391,Wallache,Hales,Male,whalesau@surveymonkey.com,,23208,Virginia,804-456-2687
392,Phineas,Turbefield,Male,pturbefieldav@ted.com,54162 Rieder Avenue,43210,Ohio,614-160-1641
393,Kaye,Dunbleton,Female,kdunbletonaw@nasa.gov,6467 Butternut Hill,14905,New York,607-961-3715
394,Hal,Jaggli,Male,hjaggliax@amazon.co.jp,0 Norway Maple Parkway,24020,Virginia,540-370-8729
395,Agata,Reyner,Female,areyneray@disqus.com,47312 Kropf Point,07305,New Jersey,201-401-1513
396,Colby,Laverock,Male,claverockaz@exblog.jp,6095 Lillian Street,70179,Louisiana,504-732-1341
397,Audre,Bergeon,Female,abergeonb0@netscape.com,6542 Boyd Road,90810,California,310-740-3581
398,Terri-jo,Skegg,Female,tskeggb1@independent.co.uk,7 Sullivan Way,90010,California,323-422-5848
399,,Tuckwood,Male,ptuckwoodb2@freewebs.com,1 Anzinger Court,88525,Texas,915-967-8755
400,Taite,McDuffy,Male,tmcduffyb3@webs.com,193 Cardinal Way,92121,California,619-211-9480
401,Prentiss,Fernandes,Male,pfernandesb4@google.co.uk,15 Transport Center,83732,Idaho,208-267-8687
402,Elladine,Schorah,Female,eschorahb5@over-blog.com,75 Morrow Street,90020,California,562-814-1657
403,Fraze,Yatman,Male,fyatmanb6@nsw.gov.au,151 Morrow Circle,77806,Texas,979-431-9206
404,Winni,Scandred,Female,wscandredb7@instagram.com,,,Connecticut,203-333-2918
405,Berta,Keach,Female,bkeachb8@pen.io,8 Almo Point,75367,Texas,214-773-2096
406,Braden,Pink,Male,bpinkb9@yelp.com,283 Maple Parkway,84403,Utah,801-150-3334
407,Merrill,Hulles,Male,mhullesba@pagesperso-orange.fr,45 Dottie Hill,93584,California,661-389-0062
408,Silvain,Vassano,Male,svassanobb@answers.com,115 Pawling Crossing,02162,Massachusetts,508-456-4843
409,,Breward,Male,mbrewardbc@weebly.com,37021 Charing Cross Circle,99812,Alaska,907-564-7502
410,Karol,Clackson,Female,,64 Claremont Pass,08608,New Jersey,609-613-8640
411,,Philippeaux,Male,aphilippeauxbe@ameblo.jp,59 Drewry Parkway,30066,Georgia,404-455-7282
412,Lilian,Klejna,Female,lklejnabf@prnewswire.com,9706 Ronald Regan Crossing,96154,California,530-433-1287
413,Baudoin,Ridolfi,Male,bridolfibg@instagram.com,81 Vera Point,33994,Florida,239-660-7416
414,Perrine,Barrowcliff,Female,pbarrowcliffbh@slashdot.org,5548 Old Gate Drive,24515,Virginia,434-223-9353
415,Sheelagh,Sea,,sseabi@ehow.com,,20892,Maryland,301-529-4349
416,Quent,Jurczak,Male,,4 Graedel Avenue,85210,Arizona,480-773-7991
417,Patty,Skate,Female,pskatebk@wordpress.com,62 Judy Road,02104,Massachusetts,318-357-7149
418,Marnie,Gallety,,mgalletybl@bbb.org,1985 Fieldstone Lane,29203,South Carolina,803-223-9423
419,Coop,Fairbrace,Male,cfairbracebm@redcross.org,,77005,Texas,713-746-7884
420,Johannah,Guitton,,jguittonbn@yolasite.com,87822 Main Lane,80209,Colorado,303-417-0076
421,Esme,Escot,,eescotbo@domainmarket.com,1874 Acker Street,33190,Florida,305-825-5625
422,Abdel,Radoux,Male,aradouxbp@cnbc.com,40930 Weeping Birch Alley,75397,Texas,214-729-1017
423,Lorettalorna,Buy,Female,lbuybq@narod.ru,9393 Delaware Center,33620,Florida,813-231-7619
424,Dot,Lapidus,Female,,43847 Fallview Street,32964,Florida,772-400-8202
425,Urson,Spensley,Male,uspensleybs@pen.io,4557 Commercial Drive,33315,Florida,954-959-6725
426,Annabal,Bramble,Female,abramblebt@google.com.br,90104 Sutherland Point,20167,Virginia,571-850-7724
427,Nicolina,Dutton,Female,nduttonbu@barnesandnoble.com,8673 North Center,77844,Texas,979-779-8849
428,Giovanna,Lethibridge,,glethibridgebv@fc2.com,6092 Clarendon Lane,20041,District of Columbia,703-418-6025
429,Darya,Goodlife,Female,dgoodlifebw@hud.gov,6832 Maple Drive,57198,South Dakota,605-737-2650
430,Fletch,Darrow,Male,fdarrowbx@hexun.com,75 Glacier Hill Plaza,,Texas,432-289-4804
431,Mac,Gonneau,Male,mgonneauby@indiatimes.com,15 Eagle Crest Terrace,,Illinois,847-770-8601
432,Norene,Polotti,Female,npolottibz@vkontakte.ru,,34615,Florida,727-260-3057
433,Page,Lasslett,Male,plasslettc0@amazon.de,867 Buhler Trail,59771,,
434,Livvy,Loft,Female,lloftc1@illinois.edu,43 Kedzie Parkway,75277,Texas,214-838-4602
435,Cornie,Grantham,Female,cgranthamc2@fda.gov,,44305,Ohio,330-762-2239
436,Darb,Camerati,Female,,9759 Village Green Circle,55108,Minnesota,612-307-0112
437,Romonda,Berth,Female,rberthc4@google.com,89 Mockingbird Avenue,44315,Ohio,330-917-0211
438,Stanwood,Haw,Male,shawc5@pinterest.com,,80310,Colorado,303-325-3886
439,Asher,Burberry,Male,aburberryc6@vimeo.com,0552 Rieder Junction,,Arizona,602-625-7448
440,Kaja,,Female,ksleec7@elpais.com,6976 Upham Alley,20508,District of Columbia,202-542-9876
441,Sile,Jay,Female,sjayc8@nbcnews.com,62699 Forest Parkway,64144,Missouri,816-629-8290
442,Marcile,,Female,mabelovc9@artisteer.com,4740 Everett Way,84105,Utah,435-570-1089
443,Zack,Texton,Male,ztextonca@blog.com,,06726,Connecticut,203-741-9013
444,Donny,Otterwell,Male,dotterwellcb@slideshare.net,26055 Oriole Plaza,02109,Massachusetts,617-542-2462
445,Jeffie,Thirlwall,Male,jthirlwallcc@comsenz.com,18 Ilene Plaza,77015,Texas,281-996-1235
446,Cyril,Bunford,Male,cbunfordcd@xing.com,49 Arizona Road,85284,Arizona,480-732-7928
447,Constancy,Kail,Female,ckailce@ft.com,05 Dayton Crossing,34205,Florida,941-137-1992
448,Chaddy,Sangwine,Male,csangwinecf@sfgate.com,93 Lindbergh Street,49544,Michigan,616-423-6403
449,Belinda,Keay,Female,bkeaycg@reverbnation.com,906 Reindahl Parkway,77040,Texas,832-996-6083
450,Caryn,Stivey,Female,cstiveych@yahoo.co.jp,31 Carberry Lane,11054,New York,516-528-5719
451,Justus,Laws,Male,jlawsci@t-online.de,1643 Melvin Way,59105,Montana,406-766-4131
452,Lindsay,Heindl,Female,lheindlcj@ning.com,72 Fremont Avenue,20299,District of Columbia,202-405-9217
453,Eb,Harold,Male,eharoldck@ebay.com,7 Debra Hill,79769,Texas,432-674-2856
454,Tiler,Wilcott,Male,twilcottcl@gmpg.org,98 Morning Road,79182,Texas,806-642-2168
455,Rubina,Kilford,Female,rkilfordcm@yellowpages.com,432 Cardinal Avenue,94605,California,510-987-2387
456,Eliot,Croutear,Male,ecroutearcn@opensource.org,836 Lillian Terrace,38161,Tennessee,901-342-2539
457,Gill,Zaniolini,Male,gzaniolinico@eepurl.com,,36205,Alabama,256-759-1044
458,Melinda,Parade,Female,mparadecp@comsenz.com,3 Anzinger Point,32505,Florida,850-409-5216
459,Tobi,McCome,Female,tmccomecq@fda.gov,95746 Lakewood Gardens Avenue,92121,,
460,Tomkin,O'Duane,Male,toduanecr@topsy.com,9 Roth Court,,Texas,214-485-6593
461,Uta,Jennrich,Female,ujennrichcs@biblegateway.com,9 Annamark Circle,20005,District of Columbia,202-398-4961
462,Marietta,Minear,Male,mminearct@odnoklassniki.ru,706 Bluestem Alley,76105,,
463,Fern,Fidgett,Female,,45 Cordelia Circle,78465,Texas,361-687-7560
464,Hetti,McLaughlin,Female,hmclaughlincv@dion.ne.jp,,,California,818-576-9661
465,Em,McElrea,Female,emcelreacw@vinaora.com,179 Rutledge Terrace,79410,,
466,Renee,Vell,Female,rvellcx@google.de,8878 Ryan Parkway,79491,Texas,806-320-8080
467,Eleen,Manuaud,Female,emanuaudcy@latimes.com,9646 Bobwhite Circle,85715,Arizona,520-440-4730
468,Elisabet,Labbez,,elabbezcz@elpais.com,7152 Kings Lane,61605,Illinois,309-860-2315
469,Ulises,,Male,ulukianovd0@google.co.uk,80 Raven Trail,77080,Texas,281-152-5839
470,Isador,Starbucke,Male,istarbucked1@huffingtonpost.com,0 Sherman Street,88519,Texas,915-457-6266
471,Ethelbert,Bucky,Male,ebuckyd2@homestead.com,7183 Carey Avenue,23668,Virginia,757-390-7739
472,,Joinson,Female,rjoinsond3@icq.com,2 Moland Pass,68144,Nebraska,402-416-2583
473,,Akers,Female,dakersd4@nyu.edu,83 Ohio Street,22313,Virginia,571-479-3226
474,Tanitansy,Tees,Female,tteesd5@github.com,9 Forest Dale Trail,79165,,
475,Manny,Cawdery,,mcawderyd6@dot.gov,18 Aberg Park,,Tennessee,865-738-8173
476,Rodd,Tesauro,Male,rtesaurod7@themeforest.net,0 Grover Circle,06105,Connecticut,860-422-8121
477,Annecorinne,Smallpiece,Female,asmallpieced8@stumbleupon.com,67 Sunbrook Road,32590,Florida,850-603-2896
478,Massimo,Brettell,Male,mbrettelld9@ustream.tv,7729 Rutledge Terrace,75062,Texas,214-136-7784
479,Wallace,Cleeves,Male,wcleevesda@tinyurl.com,61970 Everett Crossing,92110,California,619-362-3343
480,Maurice,Snawden,Male,msnawdendb@yandex.ru,8050 Rigney Parkway,33153,Florida,786-223-7592
481,Laural,Spiller,Female,lspillerdc@php.net,408 Quincy Road,48217,Michigan,313-431-5219
482,Abbe,Lubbock,Female,alubbockdd@unblog.fr,02675 Thackeray Hill,78764,Texas,512-288-2611
483,Garreth,Cluatt,Male,gcluattde@accuweather.com,1775 Fairview Terrace,49006,Michigan,269-705-2800
484,Asia,Melliard,Female,amelliarddf@irs.gov,855 Sage Avenue,,Louisiana,504-703-3688
485,Milissent,Give,Female,mgivedg@vinaora.com,547 Onsgard Circle,,California,760-735-2295
486,Shannan,Robertz,Male,srobertzdh@1und1.de,9892 Veith Place,43231,Ohio,614-555-2472
487,Yardley,Underdown,Male,yunderdowndi@last.fm,86632 Scott Trail,33620,Florida,813-301-7016
488,Heath,Brien,Female,,20861 Warner Pass,,District of Columbia,202-934-2252
489,Yvon,Brunelli,Male,ybrunellidk@google.it,06 Vera Hill,46814,Indiana,260-743-2217
490,Paddy,Booi,Male,pbooidl@dell.com,784 Continental Parkway,75241,Texas,214-470-9268
491,Abbi,Foad,Female,afoaddm@furl.net,261 Melody Avenue,77281,Texas,713-347-2112
492,Tiphany,,,tmcgilbondn@shareasale.com,0520 Hudson Alley,70810,,
493,Roanne,Ridgway,Female,rridgwaydo@about.me,85 Knutson Terrace,20557,District of Columbia,202-695-1477
494,Reinhold,Marking,Male,rmarkingdp@vk.com,21205 Tomscot Junction,78759,Texas,512-637-4682
495,Rog,,Male,rcooperdq@netvibes.com,73 Bultman Crossing,33345,Florida,754-364-1037
496,Lemuel,Pikesley,Male,lpikesleydr@youku.com,,98417,,
497,Joan,Greenstreet,Female,jgreenstreetds@alibaba.com,4 Tennessee Trail,92883,California,626-269-1952
498,Vivie,Bolin,Female,vbolindt@opera.com,9 Dayton Plaza,55166,Minnesota,651-520-0242
499,Nichol,Showt,Female,nshowtdu@va.gov,99 Lawn Place,,Ohio,937-200-1807
500,Roshelle,Syson,Female,rsysondv@psu.edu,38 Kinsman Hill,94042,California,650-350-8924
501,Maurise,Brame,Male,mbramedw@mozilla.org,7439 Jackson Pass,30392,,
502,Florinda,Guinn,Female,fguinndx@hatena.ne.jp,3 Almo Alley,79452,Texas,806-995-9088
503,Mart,Kornalik,Male,mkornalikdy@aol.com,2500 Arrowood Alley,92410,California,909-218-0025
504,Stacee,Pennacci,,,75 Graceland Junction,79410,Texas,806-987-0452
505,Lindy,Franey,Female,lfraneye0@angelfire.com,0496 Little Fleur Parkway,,California,858-525-3094
506,Harwilll,Jurgenson,Male,hjurgensone1@123-reg.co.uk,68 Anniversary Street,73157,Oklahoma,405-377-4450
507,Florencia,Pales,Female,fpalese2@163.com,,15279,Pennsylvania,412-484-4089
508,Zelma,Torra,Female,ztorrae3@msn.com,9772 Dottie Hill,31132,Georgia,404-742-4892
509,Feliks,Spottiswoode,,fspottiswoodee4@census.gov,7 Novick Way,77035,Texas,281-727-0853
510,Rafaelia,Barlow,Female,rbarlowe5@1und1.de,85 Mccormick Road,50320,Iowa,515-531-9012
511,Benoite,Vasentsov,Female,bvasentsove6@google.cn,2371 Delaware Center,93311,California,805-197-0600
512,Alika,Stockman,,astockmane7@360.cn,06637 Mcguire Junction,24009,Virginia,540-861-4815
513,Susanetta,Trevascus,Female,strevascuse8@last.fm,9 Bayside Place,55436,Minnesota,952-108-3730
514,Dame,Balsdone,Male,dbalsdonee9@irs.gov,50049 Beilfuss Court,,Texas,210-291-9092
515,Balduin,Willetts,Male,bwillettsea@wunderground.com,48 Dryden Alley,39210,Mississippi,601-404-4031
516,Laird,Fratczak,Male,lfratczakeb@sitemeter.com,6618 Merry Place,21405,Maryland,410-661-4843
517,Barbi,Srawley,Female,,9 Merry Place,49048,Michigan,517-587-6437
518,Gardiner,Cowins,Male,gcowinsed@boston.com,4 Oneill Court,74116,Oklahoma,918-599-4470
519,Krishnah,Belward,Male,kbelwardee@i2i.jp,44234 Riverside Plaza,,,
520,Gran,Dodridge,Male,gdodridgeef@cnet.com,81 Sunbrook Park,90060,California,323-484-4687
521,Rikki,Buttrick,,rbuttrickeg@icq.com,12360 Hovde Plaza,53726,Wisconsin,608-370-4403
522,Doe,Dee,Female,,26 Bellgrove Road,06922,,
523,Kellie,Dobrowski,Female,kdobrowskiei@surveymonkey.com,78977 Hauk Junction,,Louisiana,318-531-6188
524,Bran,Tynan,Male,btynanej@dyndns.org,,75372,Texas,214-277-9560
525,Ricoriki,McKiddin,,,609 Old Shore Alley,50936,Iowa,515-996-8383
526,Barde,Durran,Male,bdurranel@home.pl,5911 Oriole Lane,93709,California,559-309-3883
527,Huntington,Gerdes,Male,hgerdesem@latimes.com,4 Crownhardt Terrace,93381,California,661-544-4992
528,Johannah,Levane,Female,,19508 Division Street,36628,Alabama,251-604-5781
529,Tildi,Imison,Female,timisoneo@surveymonkey.com,10772 Melrose Hill,72204,Arkansas,501-579-9058
530,Bondon,Wasielewski,,bwasielewskiep@epa.gov,45923 Cardinal Street,70883,Louisiana,225-135-7923
531,Cy,Cuskery,Male,ccuskeryeq@arstechnica.com,353 Kensington Drive,35263,Alabama,205-172-0164
532,Ann,Dilliston,Female,adillistoner@cnn.com,4099 Buell Court,90030,California,213-139-0503
533,Ethan,Tofano,Male,etofanoes@merriam-webster.com,83513 Debra Way,76016,Texas,972-267-8912
534,Adler,Wroth,,awrothet@smh.com.au,43 Hermina Terrace,18768,Pennsylvania,570-615-5623
535,,Realff,Male,lrealffeu@domainmarket.com,328 Wayridge Point,85025,Arizona,623-969-2612
536,Lilas,Lympenie,Female,llympenieev@devhub.com,95 Memorial Center,87110,New Mexico,505-922-7293
537,Fidelio,Leveritt,Male,fleverittew@bbc.co.uk,,29411,South Carolina,843-149-5285
538,Mahmoud,Tattoo,Male,mtattooex@cnn.com,60916 Scofield Avenue,,,
539,Susette,Mounsey,Female,smounseyey@discuz.net,80 Dennis Alley,79945,Texas,915-981-8143
540,Chane,Bleas,Male,cbleasez@trellian.com,04 Walton Parkway,78278,Texas,210-800-3208
541,Judi,Giannotti,Female,jgiannottif0@dmoz.org,38 Valley Edge Point,43610,,
542,Elnar,,Male,edoublef1@phpbb.com,7 Cody Pass,32813,Florida,321-606-8646
543,Vale,Winwright,Female,,326 Artisan Hill,20189,Virginia,571-121-8641
544,Cyndy,Kerner,Female,ckernerf3@slideshare.net,878 Welch Point,53779,Wisconsin,608-559-4786
545,Dennie,Calbaithe,Female,dcalbaithef4@slate.com,51 Old Gate Court,55103,Minnesota,612-179-7321
546,Eachelle,Kiddye,Female,ekiddyef5@i2i.jp,0260 Crest Line Plaza,25726,West Virginia,304-258-2887
547,Rich,Ruzicka,Male,rruzickaf6@vimeo.com,9 Jenna Junction,64082,Missouri,816-529-4079
548,Debor,Gotcliffe,Female,dgotcliffef7@wsj.com,769 Crowley Court,79905,Texas,915-580-3952
549,Hamid,,Male,hidlef8@irs.gov,2 Schmedeman Trail,79905,Texas,915-606-5041
550,Berrie,Mowbray,Female,bmowbrayf9@epa.gov,819 Weeping Birch Park,28284,North Carolina,704-973-0536
551,Locke,Kenealy,Male,lkenealyfa@google.com.hk,5 Emmet Pass,66606,Kansas,785-381-8895
552,Kincaid,Abbe,Male,kabbefb@examiner.com,6916 Ludington Way,78789,Texas,512-927-4944
553,Mortimer,Wrightem,Male,mwrightemfc@1688.com,26 Towne Lane,22070,Virginia,757-492-3173
554,,Paulley,Female,kpaulleyfd@hc360.com,1 Pond Alley,,Connecticut,203-275-1904
555,Jean,McKean,Female,jmckeanfe@nydailynews.com,4305 Vera Road,20195,Virginia,703-551-0183
556,Danyette,Causier,Female,dcausierff@discuz.net,4 Farmco Crossing,46221,Indiana,317-895-6000
557,Ines,Pinckney,Female,,96 Meadow Vale Lane,32627,Florida,352-101-5027
558,Mab,Hannant,Female,,,,Texas,830-871-1903
559,Carleen,Brinsford,Female,cbrinsfordfi@canalblog.com,315 Stoughton Street,73129,Oklahoma,405-826-1479
560,Tanitansy,Lowles,Female,tlowlesfj@tuttocitta.it,693 Pearson Street,29403,South Carolina,843-250-8656
561,Lori,Loosemore,Female,lloosemorefk@ebay.co.uk,46 Eggendart Alley,20591,District of Columbia,202-739-7607
562,Raymund,Murtagh,Male,rmurtaghfl@gizmodo.com,9580 Commercial Crossing,25336,West Virginia,304-483-0517
563,Byrle,Jewsbury,Male,bjewsburyfm@ebay.co.uk,71180 Hayes Center,71166,Louisiana,318-432-3737
564,Marlyn,Ede,Female,medefn@redcross.org,4 Brickson Park Place,93106,California,805-686-1823
565,Cleveland,Moralis,Male,cmoralisfo@free.fr,370 Mccormick Center,93750,California,559-988-9480
566,Donnamarie,Koopman,Female,,2 Trailsway Terrace,92619,California,949-822-4085
567,Ebenezer,Morant,,emorantfq@istockphoto.com,27 Boyd Place,89155,Nevada,702-689-7991
568,Rubie,Arlott,Female,rarlottfr@goo.gl,7636 David Terrace,79452,Texas,806-743-7274
569,Aluin,Acklands,Male,,81 Thompson Pass,15220,Pennsylvania,412-981-0757
570,Moira,Sprules,Female,msprulesft@netvibes.com,246 Sutteridge Trail,72231,Arkansas,501-158-8337
571,Davis,Muttock,Male,dmuttockfu@webeden.co.uk,69523 Glendale Avenue,,Massachusetts,978-183-4922
572,Maximilianus,McTavish,Male,mmctavishfv@ebay.co.uk,66705 Kedzie Alley,49048,,
573,Perry,Birkbeck,Male,pbirkbeckfw@nps.gov,87 Duke Junction,33467,Florida,561-427-8752
574,Danella,Ellicock,Female,dellicockfx@msu.edu,0 Nancy Trail,23237,Virginia,804-714-0813
575,Jose,Stern,Male,jsternfy@clickbank.net,858 High Crossing Trail,50315,Iowa,641-199-2474
576,Joscelin,Martinello,Female,jmartinellofz@utexas.edu,3532 6th Hill,77281,Texas,713-651-2913
577,Frieda,Blind,Female,fblindg0@yolasite.com,657 Eagle Crest Lane,31296,Georgia,478-316-8273
578,Anneliese,Yegorovnin,Female,ayegorovning1@uol.com.br,085 Sycamore Circle,85062,Arizona,602-868-2139
579,Ario,Vittori,Male,,8 Ryan Point,93773,California,559-647-0069
580,Jeanna,Yerill,,jyerillg3@upenn.edu,7 Atwood Pass,80920,Colorado,719-238-8570
581,Patten,Rapp,Male,prappg4@google.nl,829 1st Trail,95838,California,916-886-7529
582,Erny,Burren,Male,eburreng5@de.vu,11 Norway Maple Terrace,75379,Texas,214-998-7547
583,Mahmoud,Beare,Male,mbeareg6@sciencedaily.com,65079 3rd Parkway,78778,Texas,512-232-7217
584,Curcio,Petry,Male,cpetryg7@biblegateway.com,78694 Superior Street,30911,Georgia,706-526-7619
585,Arabel,Hakey,Female,ahakeyg8@meetup.com,704 Sommers Crossing,,Maryland,240-682-3453
586,Lorenza,Tregian,Female,ltregiang9@wikia.com,97 Fordem Street,85715,Arizona,520-365-6732
587,Angelika,Scarlett,Female,ascarlettga@aboutads.info,45507 Transport Alley,80951,Colorado,719-319-7869
588,Clarette,Maddern,Female,cmadderngb@liveinternet.ru,,32964,Florida,772-437-9867
589,,Aitchinson,Female,,823 David Hill,34985,Florida,772-160-0283
590,Chariot,Cicchinelli,Male,ccicchinelligd@blogs.com,3136 Moulton Avenue,19120,Pennsylvania,215-384-1890
591,Lew,Coltart,,lcoltartge@1688.com,383 Golden Leaf Hill,,Texas,469-618-0155
592,Corinna,Ridger,Female,cridgergf@1und1.de,49099 Warbler Drive,39216,Mississippi,601-384-0957
593,Florrie,Sreenan,Female,,741 Coleman Junction,,Colorado,720-875-4333
594,Tracey,Tomich,Male,ttomichgh@4shared.com,9207 Manufacturers Way,27621,North Carolina,919-455-1302
595,Mickey,Pady,Male,mpadygi@answers.com,,,Oregon,503-313-8596
596,Lonna,Calven,Female,lcalvengj@deliciousdays.com,3 Scoville Park,33075,,
597,Michell,Jolliman,Female,mjollimangk@123-reg.co.uk,2843 Homewood Parkway,15220,Pennsylvania,412-272-6114
598,Hallsy,Creany,Male,hcreanygl@chronoengine.com,13 Annamark Lane,92805,California,714-384-1129
599,Mohammed,Hendrick,Male,mhendrickgm@telegraph.co.uk,96 Vidon Trail,67260,Kansas,316-495-0418
600,Sarine,Szwandt,Female,sszwandtgn@is.gd,98355 Trailsway Way,31217,,
601,Liuka,McCudden,Female,lmccuddengo@chron.com,71 Luster Court,20299,,
602,Christoph,Drakers,Male,cdrakersgp@example.com,94776 Glendale Alley,73119,Oklahoma,405-380-1419
603,Decca,Weedenburg,,dweedenburggq@walmart.com,989 Garrison Crossing,92883,California,951-503-2111
604,Oren,Brum,Male,obrumgr@salon.com,58652 Straubel Way,11220,New York,718-236-5401
605,Horten,de Quesne,Male,hdequesnegs@sun.com,343 Milwaukee Hill,77055,Texas,832-296-5953
606,Neils,Juckes,Male,njuckesgt@bloglovin.com,,36125,,
607,,Jeannon,Male,pjeannongu@opensource.org,48951 Eagle Crest Trail,10131,New York,212-819-9713
608,Chic,L'Episcopi,Male,clepiscopigv@engadget.com,236 Claremont Circle,64179,,
609,Egon,Szymanowicz,Male,eszymanowiczgw@baidu.com,,76192,,
610,Joseito,Castell,Male,jcastellgx@rambler.ru,127 Quincy Lane,33811,Florida,863-908-1014
611,Eldon,Weld,Male,eweldgy@ca.gov,97956 Evergreen Parkway,37416,Tennessee,423-693-7255
612,Sherill,Burchett,Female,sburchettgz@jiathis.com,2913 Norway Maple Alley,33336,Florida,754-821-6140
613,Jamima,Vanelli,Female,jvanellih0@infoseek.co.jp,874 Harper Alley,22205,Virginia,571-359-1315
614,Angela,Hofer,Female,ahoferh1@moonfruit.com,3412 Meadow Valley Court,20195,Virginia,703-824-6695
615,Morganne,Ebbitt,Female,mebbitth2@howstuffworks.com,61 Gateway Crossing,,Florida,786-454-7502
616,Austin,Stickells,Male,astickellsh3@i2i.jp,67741 Algoma Plaza,80279,Colorado,303-887-5561
617,Elston,Stummeyer,Male,estummeyerh4@google.nl,116 Hansons Center,50981,Iowa,515-558-3154
618,Merissa,O'Hare,Female,mohareh5@sitemeter.com,6400 Porter Parkway,90010,California,408-738-0557
619,Eugenio,Pinar,Male,epinarh6@123-reg.co.uk,92418 Schurz Road,24048,Virginia,540-234-4352
620,Vivianna,Arlet,Female,varleth7@springer.com,6 Alpine Drive,53405,Wisconsin,262-784-2909
621,Huey,Chapelle,Male,hchapelleh8@live.com,8643 Morningstar Plaza,33028,Florida,954-655-8989
622,,Colkett,Male,bcolketth9@sina.com.cn,,70142,,
623,Margret,Stodd,Female,mstoddha@spotify.com,3952 Blue Bill Park Crossing,63150,Missouri,314-257-7283
624,Evaleen,Jammes,Female,ejammeshb@intel.com,928 Mayfield Crossing,,Pennsylvania,215-496-5946
625,Creight,Websdale,Male,cwebsdalehc@shutterfly.com,42531 Caliangt Crossing,27717,North Carolina,919-827-5711
626,Sibel,Ash,,sashhd@nifty.com,14530 Bashford Parkway,25362,West Virginia,304-280-2589
627,Enos,Yankin,Male,eyankinhe@weebly.com,3 Towne Court,31296,Georgia,478-840-4160
628,Brenden,Clows,Male,bclowshf@reverbnation.com,654 Dovetail Circle,62776,Illinois,217-649-6731
629,Florida,,Female,fmouleshg@nasa.gov,792 Jenna Drive,93726,California,559-171-2152
630,Paul,Morphey,Male,pmorpheyhh@columbia.edu,15 Bartelt Crossing,19897,Delaware,302-275-0521
631,Corinne,Semken,Female,csemkenhi@blogs.com,64 Reinke Point,29319,South Carolina,864-880-5514
632,Melamie,Carle,Female,,973 Del Mar Alley,36134,Alabama,334-877-2205
633,Zebedee,Hansley,Male,zhansleyhk@mapquest.com,42070 Kipling Street,85284,,
634,Virgilio,Langhorne,Male,vlanghornehl@51.la,46527 Gateway Alley,18018,Pennsylvania,610-433-9126
635,Tiphani,Truswell,Female,ttruswellhm@amazon.co.jp,29571 Annamark Road,48267,Michigan,313-556-7986
636,Kelley,Boughey,Female,kbougheyhn@kickstarter.com,8509 Bunting Crossing,87121,New Mexico,505-808-0360
637,Amie,Eldrid,Female,aeldridho@bravesites.com,43561 Cordelia Park,,California,408-244-5883
638,Cilka,Cuseick,,ccuseickhp@biglobe.ne.jp,0 Blue Bill Park Center,66205,Kansas,816-957-4111
639,Ernest,Bracknall,Male,ebracknallhq@hhs.gov,7034 Karstens Plaza,63131,,
640,Arlyn,Brodeau,Female,abrodeauhr@reuters.com,45 6th Lane,29505,South Carolina,843-362-6668
641,Colan,Ateggart,Male,categgarths@who.int,35 Bellgrove Junction,62723,Illinois,217-582-8518
642,Mikael,Girling,Male,mgirlinght@istockphoto.com,150 Springview Avenue,90840,California,562-158-5121
643,Edgardo,Hazley,Male,ehazleyhu@mysql.com,9 Erie Court,88541,Texas,915-231-8599
644,Justine,Siehard,Female,jsiehardhv@washington.edu,3 Sutherland Lane,30245,Georgia,678-544-1870
645,Skylar,Stubs,Male,sstubshw@bigcartel.com,470 Del Sol Lane,92555,California,951-159-9858
646,Bethany,Marcos,Female,bmarcoshx@studiopress.com,3 Anhalt Trail,96815,Hawaii,808-858-8588
647,Avram,Balas,,abalashy@ask.com,815 Ramsey Plaza,40618,,
648,Bettye,Stanning,Female,bstanninghz@shutterfly.com,23238 Michigan Court,85737,Arizona,520-860-3911
649,Enos,Dimnage,Male,edimnagei0@independent.co.uk,1 Lindbergh Street,92170,California,619-914-1136
650,Randell,Elsie,Male,relsiei1@simplemachines.org,2558 Onsgard Center,84125,Utah,801-891-6645
651,Suzette,Pedracci,Female,spedraccii2@webs.com,8751 Duke Lane,92196,California,619-345-3525
652,Agace,Manoelli,Female,amanoellii3@discovery.com,43138 Briar Crest Road,20195,Virginia,703-326-6297
653,Thia,Goodban,Female,tgoodbani4@fema.gov,42 Jackson Road,55108,Minnesota,612-296-5601
654,Jenna,Crates,Female,jcratesi5@desdev.cn,97 Golf Course Park,76544,Texas,254-417-9995
655,Libbie,Ethelston,Female,lethelstoni6@networkadvertising.org,61 Steensland Road,,Illinois,312-467-0698
656,Peri,Danslow,Female,pdanslowi7@nydailynews.com,,29605,South Carolina,864-797-2849
657,Wynn,Scoon,Male,wscooni8@t.co,1 Tennyson Place,49505,,
658,Dorothea,Ram,Female,,3 Nova Crossing,98121,Washington,206-934-6447
659,Michelle,Hampshire,Female,mhampshireia@sbwire.com,920 Leroy Drive,23509,Virginia,757-524-4903
660,Lurette,McGonigle,Female,lmcgonigleib@theguardian.com,3964 Morning Terrace,66617,Kansas,785-359-3223
661,Auguste,Gadie,Female,agadieic@mtv.com,14326 Sommers Drive,14220,New York,716-925-6672
662,Poul,Carlucci,Male,pcarlucciid@histats.com,5741 Susan Drive,19131,Pennsylvania,215-106-2299
663,Linc,Goligher,Male,lgoligherie@mapquest.com,0006 Old Shore Pass,35236,Alabama,205-484-0279
664,Michele,Blythe,Male,mblytheif@creativecommons.org,31 Nevada Pass,25305,West Virginia,304-177-8729
665,Jordan,Kilfether,Female,jkilfetherig@boston.com,31 Crowley Point,55598,Minnesota,763-124-0868
666,Danie,Loveguard,Male,dloveguardih@dyndns.org,5 Susan Road,77276,Texas,713-680-6248
667,Gran,McCadden,Male,gmccaddenii@abc.net.au,17 Golf Place,85748,Arizona,520-511-0951
668,Karlotte,Pond,Female,kpondij@blogs.com,712 Pine View Parkway,67220,Kansas,316-663-8094
669,Anselma,Luety,Female,,123 Lukken Way,03804,New Hampshire,603-799-2858
670,Parker,Panton,Male,ppantonil@homestead.com,,40287,Kentucky,502-309-3314
671,Thibaud,Vercruysse,Male,tvercruysseim@ning.com,3120 Butterfield Lane,23612,Virginia,757-190-1189
672,Clementia,Plain,Female,cplainin@epa.gov,,,Georgia,912-540-9813
673,Richy,Perfili,Male,rperfiliio@eventbrite.com,,93907,California,831-174-8833
674,Farrel,Dax,Male,fdaxip@oaic.gov.au,998 Bluejay Road,20051,District of Columbia,202-380-8542
675,Darbie,Loble,Female,,0 Granby Crossing,11236,New York,718-662-0051
676,Sophronia,Fromant,,sfromantir@usgs.gov,1187 Eagan Junction,10292,New York,212-742-5728
677,Kerri,Willstrop,Female,kwillstropis@sakura.ne.jp,7995 Sycamore Point,77050,Texas,281-336-0807
678,Sophie,Gilardone,Female,sgilardoneit@japanpost.jp,733 Talisman Way,97206,Oregon,503-600-7201
679,Emile,McNirlan,Male,emcnirlaniu@kickstarter.com,7627 Bartelt Road,23324,Virginia,757-287-2496
680,Janeta,Hammersley,Female,jhammersleyiv@state.gov,22 Larry Plaza,23504,Virginia,757-914-8954
681,Flossie,Saladino,Female,fsaladinoiw@ning.com,785 Westend Terrace,29424,South Carolina,843-605-8649
682,Axel,Jonczyk,Male,ajonczykix@theglobeandmail.com,3957 Aberg Parkway,78405,Texas,361-286-0776
683,Gregor,Mattisson,Male,gmattissoniy@mapy.cz,27 Kim Court,46202,Indiana,317-775-5021
684,Vidovic,Cuddehay,Male,vcuddehayiz@nih.gov,192 Eagle Crest Circle,60669,Illinois,312-417-5616
685,Mala,Reuven,Female,mreuvenj0@livejournal.com,,23225,Virginia,540-953-9730
686,Butch,Demoge,Male,bdemogej1@latimes.com,0 Elgar Pass,45403,Ohio,937-823-8978
687,Obediah,Beeken,Male,obeekenj2@ycombinator.com,633 Daystar Way,83722,Idaho,208-962-8357
688,Puff,Battersby,Male,pbattersbyj3@geocities.com,894 Eagle Crest Pass,93726,California,209-736-8197
689,Franz,Huddlestone,Male,fhuddlestonej4@state.tx.us,72230 Bartillon Way,89125,Nevada,702-632-8943
690,Lemmie,Bassam,Male,lbassamj5@1und1.de,64 Linden Park,60663,Illinois,312-934-7619
691,Brion,Derrett,Male,bderrettj6@github.io,5138 Colorado Avenue,20099,District of Columbia,202-763-9904
692,Rogers,Gullane,Male,rgullanej7@angelfire.com,16744 Golf Course Point,88579,Texas,915-316-9407
693,Gilbert,Karolewski,Male,gkarolewskij8@dot.gov,6 Del Mar Junction,15215,Pennsylvania,412-418-4082
694,Garnet,Diviny,Female,gdivinyj9@wunderground.com,3765 Prentice Hill,30311,Georgia,404-464-9436
695,Paolo,Pantling,Male,ppantlingja@hexun.com,2712 Shopko Street,,Texas,972-770-7569
696,Venita,Tewkesberry,Female,vtewkesberryjb@yahoo.com,81 Hoepker Terrace,10249,,
697,Domini,Lyes,Female,dlyesjc@bbc.co.uk,62078 Rowland Alley,22096,Virginia,571-685-8648
698,Marigold,Davidoff,Female,mdavidoffjd@dailymail.co.uk,71 Bunker Hill Terrace,54915,Wisconsin,920-427-7200
699,Norri,Bartoletti,Female,nbartolettije@mayoclinic.com,79 Ridgeview Parkway,77806,Texas,979-207-9369
700,Munmro,Eversley,Male,meversleyjf@multiply.com,,55441,Minnesota,612-802-4903
701,Fidelity,Withull,Female,fwithulljg@devhub.com,67 Norway Maple Circle,88589,Texas,915-411-9175
702,Modestia,Cartlidge,Female,mcartlidgejh@icq.com,561 Truax Crossing,55458,Minnesota,612-570-5165
703,Arleta,Delleschi,Female,adelleschiji@thetimes.co.uk,,94660,California,510-686-9075
704,Bentley,Carlyle,Male,bcarlylejj@live.com,415 Magdeline Court,74116,Oklahoma,918-609-5369
705,Ximenez,Hammer,Male,xhammerjk@51.la,509 Eastlawn Way,19115,Pennsylvania,215-956-5636
706,Skye,Sedger,,ssedgerjl@examiner.com,14 Tennessee Place,20022,District of Columbia,202-459-6343
707,Jocelyne,Massie,Female,jmassiejm@who.int,89363 Hazelcrest Court,80127,Colorado,720-734-6576
708,Rodge,Borgne,Male,rborgnejn@ifeng.com,60 3rd Crossing,93715,California,209-435-6104
709,Gabriella,Glison,Female,gglisonjo@exblog.jp,342 Hagan Place,66276,Kansas,913-195-9581
710,Teddy,De Caroli,Female,tdecarolijp@umich.edu,70371 Bunting Way,01905,Massachusetts,781-801-6619
711,Gordy,Ivasechko,Male,givasechkojq@qq.com,346 Dexter Crossing,57193,,
712,Randie,,,rshakesbyjr@artisteer.com,8 Carberry Terrace,43656,Ohio,419-766-1815
713,,Cabane,Female,ncabanejs@senate.gov,30537 Packers Pass,10606,New York,914-706-6575
714,Arvy,Ply,Male,aplyjt@myspace.com,0715 Sullivan Street,92812,California,714-165-4215
715,Yance,McDugal,Male,ymcdugalju@a8.net,859 Petterle Drive,76305,Texas,940-912-1712
716,Twila,Strowan,Female,tstrowanjv@mlb.com,94699 4th Avenue,02119,Massachusetts,508-720-3425
717,Natty,Dalgetty,Male,ndalgettyjw@fema.gov,87 Hovde Parkway,35815,Alabama,256-806-3628
718,Brook,Stirtle,Male,bstirtlejx@slashdot.org,7386 Debs Circle,08603,New Jersey,609-670-3112
719,Haily,Picknett,Male,hpicknettjy@bluehost.com,9133 Luster Junction,83206,Idaho,208-140-0030
720,Kev,Dudill,Male,kdudilljz@chron.com,7 Dawn Road,89036,Nevada,702-622-1920
721,,Le Gall,Male,alegallk0@gravatar.com,33830 Sutherland Way,30245,Georgia,770-920-2251
722,Vanny,Sutch,Female,vsutchk1@stanford.edu,0301 Kipling Terrace,33963,Florida,239-670-5819
723,Ronny,Gipson,Female,rgipsonk2@google.ca,0108 Ronald Regan Drive,37405,Tennessee,423-272-2752
724,Daphene,Avramovitz,Female,davramovitzk3@dot.gov,,10029,New York,212-809-5287
725,Nestor,,Male,njulienk4@independent.co.uk,63 Acker Street,60630,Illinois,312-301-2069
726,Britni,Guidera,Female,bguiderak5@telegraph.co.uk,1 Parkside Way,87190,New Mexico,505-392-0426
727,Jeannine,Kettridge,Female,,3234 Lindbergh Avenue,10184,,
728,Juline,Haglington,Female,jhaglingtonk7@prlog.org,4069 Hudson Junction,36195,Alabama,334-343-5653
729,Thomasina,Airey,Female,taireyk8@hud.gov,998 Pepper Wood Pass,10004,New York,212-728-5692
730,Gaelan,Beadles,Male,gbeadlesk9@goo.gl,243 Pleasure Parkway,33972,,
731,Tye,Malkie,Male,tmalkieka@hibu.com,1 Graceland Parkway,29305,South Carolina,864-507-3206
732,Carola,Draye,Female,cdrayekb@rakuten.co.jp,5 Dryden Place,30380,Georgia,404-533-7470
733,Niki,Turneux,,nturneuxkc@ameblo.jp,82 Mosinee Road,36104,Alabama,334-203-9590
734,Lindsay,Magnay,Male,lmagnaykd@joomla.org,4985 Banding Pass,47712,Indiana,812-820-9829
735,Rochella,Mapham,Female,rmaphamke@about.me,6490 Claremont Point,83757,Idaho,208-955-8183
736,Auria,Shutler,Female,ashutlerkf@sun.com,8078 Forest Plaza,40596,Kentucky,859-322-5187
737,Kimmie,Cottage,Female,kcottagekg@creativecommons.org,,,California,714-612-3553
738,Christean,Mullenger,Female,cmullengerkh@cnn.com,5 Larry Circle,62718,Illinois,217-779-4399
739,Marta,Jarvie,Female,mjarvieki@studiopress.com,133 Grover Lane,76210,Texas,940-499-8263
740,Grace,Bloxsome,,,773 Ronald Regan Plaza,63136,Missouri,314-348-6161
741,Goddart,Billitteri,,gbillitterikk@java.com,37 Vernon Avenue,90840,California,562-756-5159
742,Amby,Janiszewski,Male,ajaniszewskikl@naver.com,6729 Dawn Place,46862,Indiana,260-558-9166
743,Faber,Heaford,Male,fheafordkm@gmpg.org,90614 Division Crossing,25711,West Virginia,304-220-9261
744,Nolly,Inold,Male,ninoldkn@unc.edu,01 Shoshone Avenue,28805,North Carolina,828-208-9729
745,Bordie,Anniwell,Male,banniwellko@sina.com.cn,7 Mallard Road,22903,Virginia,434-498-6641
746,Etan,Rosnau,Male,erosnaukp@reverbnation.com,73527 Bayside Road,95973,California,530-507-3326
747,Winthrop,Bynold,Male,wbynoldkq@t-online.de,0399 Commercial Point,54305,Wisconsin,920-221-9453
748,Bradley,Mioni,Male,bmionikr@squarespace.com,33 Sunbrook Drive,83711,Idaho,208-569-2155
749,Kay,Cawker,,kcawkerks@odnoklassniki.ru,4 Blackbird Way,96154,California,530-203-8245
750,Jeth,Brouncker,Male,jbrounckerkt@etsy.com,6592 Dryden Road,80935,Colorado,719-235-3438
751,Jessey,Dziwisz,Male,jdziwiszku@gizmodo.com,488 Prentice Terrace,20442,District of Columbia,202-811-0294
752,Laird,Pirrey,Male,lpirreykv@hexun.com,9740 Pond Parkway,31410,Georgia,912-205-5783
753,Garrott,Chantree,Male,gchantreekw@ca.gov,1428 Northview Lane,98682,Washington,360-141-1021
754,Johnathon,Plimmer,Male,jplimmerkx@nyu.edu,70992 Havey Parkway,02162,Massachusetts,508-603-7705
755,Paulie,Lowcock,Male,plowcockky@loc.gov,56 Warbler Court,85710,Arizona,520-319-2748
756,Shawna,Ballentime,Female,sballentimekz@friendfeed.com,22920 Westridge Point,,Pennsylvania,717-830-7686
757,Wilt,Forsdyke,Male,wforsdykel0@pen.io,5655 Brentwood Park,35905,Alabama,256-626-1510
758,Arda,Cornier,Female,acornierl1@com.com,6717 Riverside Street,14604,New York,585-148-5435
759,Janith,Mandrake,Female,,8749 Florence Hill,27415,,
760,Eugenius,Tippler,Male,etipplerl3@blogtalkradio.com,5 Twin Pines Court,33661,Florida,813-448-1997
761,Davon,Goakes,Male,dgoakesl4@foxnews.com,62 Maryland Junction,20425,District of Columbia,202-173-3149
762,Dickie,Gimbrett,Male,dgimbrettl5@businesswire.com,,45254,Ohio,513-420-0910
763,Rossy,Lovstrom,Male,rlovstroml6@webmd.com,307 Ridgeway Way,77713,Texas,936-542-9466
764,Maximilien,McRill,,mmcrilll7@smh.com.au,46 Mccormick Point,90035,California,818-183-9004
765,Sheela,Desvignes,Female,sdesvignesl8@wordpress.org,3727 Hansons Point,73179,Oklahoma,405-146-7253
766,Skell,Horlock,Male,shorlockl9@paginegialle.it,107 Magdeline Drive,55172,Minnesota,651-252-3819
767,Pooh,Dibnah,,pdibnahla@samsung.com,965 Glendale Hill,23436,Virginia,757-688-1566
768,Morgan,Bramble,Female,mbramblelb@fema.gov,8947 Onsgard Point,65110,Missouri,573-721-5001
769,Yehudit,Cosgrive,Male,,16439 Meadow Ridge Court,14614,New York,315-905-9074
770,Katrina,McLugaish,Female,kmclugaishld@mapquest.com,36290 Gina Park,,Ohio,513-981-4694
771,Mame,Grevel,Female,mgrevelle@elegantthemes.com,42339 Butterfield Avenue,25711,West Virginia,304-192-9451
772,Burch,Schott,Male,bschottlf@macromedia.com,06 Carberry Avenue,19810,Delaware,302-638-6805
773,Luther,Caines,Male,lcaineslg@theatlantic.com,0296 Ridgeway Plaza,15250,Pennsylvania,412-573-8039
774,Linus,Orro,Male,lorrolh@ameblo.jp,01179 Continental Plaza,32220,Florida,904-428-1894
775,Adiana,Greveson,Female,agrevesonli@ed.gov,05661 Brentwood Pass,22234,Virginia,571-585-3518
776,Marlin,Ollis,Male,mollislj@dyndns.org,9 Fair Oaks Terrace,44125,Ohio,440-706-0503
777,Ardith,Boland,Female,abolandlk@mayoclinic.com,74268 Manufacturers Hill,33625,Florida,813-819-3462
778,Elene,Syddie,,esyddiell@pen.io,00 Brickson Park Drive,15205,,
779,Carlotta,Lockett,Female,clockettlm@comcast.net,214 Merchant Crossing,,Mississippi,228-131-7004
780,Zared,Grundle,Male,zgrundleln@fema.gov,625 Spenser Center,96835,Hawaii,808-703-7005
781,Toby,Parriss,Female,tparrisslo@blogspot.com,89 Rieder Road,83405,Idaho,208-191-5334
782,Sammie,Vernalls,Male,svernallslp@cbsnews.com,7055 Alpine Circle,90005,California,818-862-6251
783,Rudiger,Steeden,Male,rsteedenlq@msu.edu,3917 Starling Pass,92176,California,619-652-0911
784,,Rousell,,srouselllr@devhub.com,59434 Schmedeman Parkway,20010,District of Columbia,202-443-0670
785,Trey,Gogerty,Male,tgogertyls@netscape.com,,36125,,
786,Albina,Lortzing,Female,alortzinglt@hao123.com,8045 Rowland Junction,99220,Washington,509-439-0327
787,Pearla,Collard,Female,pcollardlu@umich.edu,,07310,New Jersey,973-370-0364
788,Wynnie,Bisiker,Female,wbisikerlv@blogspot.com,00 Summit Place,38109,Tennessee,901-282-0686
789,Allegra,Pollak,,apollaklw@ihg.com,57191 Cascade Alley,70607,Louisiana,337-198-1197
790,Celle,Andreuzzi,Female,candreuzzilx@nationalgeographic.com,93362 Dennis Drive,33134,Florida,786-905-3815
791,Elsie,Pickrill,,epickrillly@bing.com,4 Main Terrace,78260,Texas,210-514-0219
792,Nobe,Errichi,Male,nerrichilz@sbwire.com,35245 Red Cloud Alley,93584,California,661-839-9931
793,Prentice,Cicchelli,Male,pcicchellim0@dropbox.com,57 Chive Place,79977,Texas,915-610-4116
794,Wilma,Barbier,Female,wbarbierm1@toplist.cz,20193 Corry Place,40596,Kentucky,859-717-0201
795,Lemmy,Kays,Male,lkaysm2@businesswire.com,1588 Grasskamp Pass,63180,Missouri,314-971-7811
796,Marthena,Tarbet,Female,,39263 Springs Crossing,34108,Florida,239-798-9038
797,Aridatha,Asson,Female,aassonm4@list-manage.com,38288 Prairieview Plaza,37245,Tennessee,615-684-0404
798,Hayyim,Gutans,Male,hgutansm5@unesco.org,10 Porter Road,32309,Florida,850-246-3253
799,Jeremy,O'Crotty,Male,jocrottym6@wikispaces.com,43 Canary Trail,23459,Virginia,757-824-8702
800,Juli,Crawforth,Female,jcrawforthm7@example.com,7901 Harper Avenue,85099,Arizona,602-859-3173
801,Asher,Stempe,Male,astempem8@umn.edu,61917 Butternut Point,43204,Ohio,614-240-4973
802,Mommy,Comazzo,Female,mcomazzom9@g.co,687 Anzinger Plaza,20470,District of Columbia,202-216-0592
803,Mahala,Sayles,Female,msaylesma@yale.edu,4554 Oak Valley Lane,98516,Washington,253-268-4615
804,Ulises,Hubatsch,Male,uhubatschmb@harvard.edu,1 Corscot Way,95205,California,209-138-4977
805,Cynde,Dockwra,Female,cdockwramc@theguardian.com,21134 Washington Court,20520,District of Columbia,202-470-0486
806,Rodrique,Buxey,Male,rbuxeymd@trellian.com,044 Fair Oaks Road,20062,District of Columbia,202-527-8431
807,Arleyne,Tiley,Female,atileyme@opensource.org,3 Forest Lane,,Texas,214-894-5099
808,Wake,Straker,Male,wstrakermf@sciencedirect.com,4 Myrtle Crossing,,Ohio,419-409-2805
809,,Geely,Male,cgeelymg@tinypic.com,,90081,,
810,Raimund,Winks,Male,rwinksmh@nature.com,8 Rowland Circle,78044,Texas,956-146-0417
811,Carmita,Gratten,Female,cgrattenmi@godaddy.com,465 Nova Way,77388,Texas,409-345-9294
812,Appolonia,Kenyam,Female,akenyammj@cbslocal.com,1717 Northport Road,,Ohio,330-376-1036
813,Marcy,Aronow,Female,maronowmk@dmoz.org,12443 Golf Alley,,Texas,361-827-9066
814,Conni,Cicconettii,Female,ccicconettiiml@icq.com,1760 Debs Crossing,56944,,
815,Forester,Lintall,Male,flintallmm@so-net.ne.jp,,77806,Texas,979-212-9423
816,Magnum,Spir,Male,mspirmn@cloudflare.com,07575 Roxbury Hill,55103,Minnesota,612-744-7905
817,Klarika,Barenskie,Female,kbarenskiemo@diigo.com,91 Village Street,95219,California,209-207-7796
818,Junie,McGlone,Female,jmcglonemp@sciencedaily.com,17 Schiller Road,77085,Texas,281-513-0008
819,Joelie,Guilloux,,jguillouxmq@hibu.com,2957 Loftsgordon Plaza,21747,Maryland,240-476-7665
820,Darrin,Perrat,Male,dperratmr@redcross.org,2 Summit Parkway,32526,Florida,850-333-9554
821,Jessi,Sander,,jsanderms@domainmarket.com,9075 John Wall Circle,92645,California,714-140-5337
822,Conant,Neeve,Male,,,35279,Alabama,205-773-9799
823,Melessa,Spiers,Female,mspiersmu@pen.io,3318 Northwestern Place,60624,Illinois,312-742-0722
824,Bil,Neachell,Male,bneachellmv@altervista.org,0 Northview Center,33320,Florida,754-915-0851
825,Margie,Harmer,,mharmermw@time.com,94691 Scott Lane,55805,Minnesota,218-264-1240
826,Rebeka,Eyckelberg,,reyckelbergmx@squidoo.com,960 Superior Place,78703,Texas,512-380-7138
827,Nara,Kunkel,Female,nkunkelmy@list-manage.com,900 Park Meadow Road,34615,Florida,727-506-4909
828,Otha,Lepope,Female,olepopemz@taobao.com,80275 Scott Terrace,33320,Florida,754-173-9091
829,Thadeus,Pelham,Male,tpelhamn0@ox.ac.uk,31692 Mesta Drive,90071,California,818-437-1045
830,Valdemar,McMennum,Male,vmcmennumn1@hud.gov,09 Hagan Terrace,55458,Minnesota,612-515-2683
831,Moira,Tortoishell,Female,mtortoishelln2@networksolutions.com,,79764,Texas,432-822-5783
832,Carroll,Rennie,Male,crennien3@techcrunch.com,69 Sugar Parkway,10045,New York,646-916-2425
833,Haydon,Dwight,Male,hdwightn4@bizjournals.com,198 Walton Junction,63136,Missouri,314-579-1512
834,Jonathon,Dollimore,Male,jdollimoren5@mapquest.com,1349 Lerdahl Street,10270,New York,718-942-7934
835,Alejandrina,Anlay,Female,aanlayn6@phpbb.com,,79999,Texas,915-950-6967
836,Scarface,Soro,Male,ssoron7@domainmarket.com,09548 Dryden Point,,Maryland,410-139-3353
837,Vaclav,Gilmartin,Male,vgilmartinn8@cpanel.net,9538 Everett Plaza,06859,Connecticut,203-244-3170
838,Hewett,Habishaw,,hhabishawn9@virginia.edu,76728 Brown Circle,76178,Texas,682-527-7164
839,Cordie,Skiplorne,Female,,34 Welch Crossing,,Texas,972-567-5605
840,Lucy,Iannello,,liannellonb@smugmug.com,53115 Prairieview Court,77844,Texas,979-619-7043
841,Windham,Janus,Male,wjanusnc@hc360.com,8892 Talisman Terrace,32511,Florida,850-985-0741
842,Barbaraanne,Abbotts,Female,babbottsnd@about.com,277 Dorton Pass,55428,Minnesota,612-668-9936
843,Alana,Pearman,Female,apearmanne@ucla.edu,47323 Doe Crossing Center,80044,,
844,Claudius,Waddy,Male,cwaddynf@microsoft.com,6 Becker Point,73114,Oklahoma,405-235-3793
845,Titos,Brentnall,Male,tbrentnallng@etsy.com,9060 David Hill,20041,District of Columbia,703-433-1869
846,Rafa,Bordiss,Female,,05016 Quincy Street,95113,California,650-693-4363
847,Putnem,Dwire,Male,pdwireni@wordpress.org,03686 Dorton Drive,78783,Texas,512-238-3471
848,Leila,Berrecloth,,lberreclothnj@naver.com,27 Caliangt Avenue,07505,New Jersey,973-362-9454
849,Hank,Dudding,Male,hduddingnk@ox.ac.uk,,55402,Minnesota,952-721-7688
850,Lemmy,Kemmish,Male,lkemmishnl@plala.or.jp,0 Autumn Leaf Lane,96805,Hawaii,808-195-7337
851,Mariele,Libby,Female,mlibbynm@nasa.gov,731 Anzinger Circle,73129,Oklahoma,405-982-8405
852,Joey,,Male,jhovynn@gmpg.org,321 Longview Park,85005,Arizona,480-365-5325
853,Bryn,Pennuzzi,Male,bpennuzzino@sitemeter.com,1234 Center Court,37245,Tennessee,615-467-5160
854,Corrianne,Hayers,,chayersnp@webnode.com,1 Harbort Pass,20816,Maryland,240-927-9753
855,Woodrow,Ottewell,Male,wottewellnq@pinterest.com,,93778,California,559-230-3748
856,Dulcine,Togher,Female,dtoghernr@delicious.com,0 Lakeland Hill,74156,Oklahoma,918-235-0059
857,Teirtza,Seery,Female,tseeryns@foxnews.com,30 Dakota Plaza,23605,Virginia,757-277-9001
858,Pepillo,Schiersch,Male,pschierschnt@usa.gov,43386 Sommers Park,79165,Texas,806-618-4639
859,Jack,Regelous,Male,,,37240,Tennessee,615-718-1468
860,Lidia,Goves,Female,lgovesnv@un.org,58828 Rusk Drive,66611,Kansas,785-213-3272
861,Sheba,Chesshire,Female,schesshirenw@paypal.com,0 Sunnyside Way,44485,Ohio,330-654-3429
862,Christabella,Gregor,Female,cgregornx@paginegialle.it,251 Dwight Circle,90055,California,213-352-6766
863,Erwin,Yallop,,eyallopny@facebook.com,038 Bultman Street,02162,Massachusetts,508-762-2408
864,Derrek,Hew,,dhewnz@opera.com,9408 Towne Street,44197,Ohio,216-511-7647
865,Ardis,Durbyn,Female,adurbyno0@delicious.com,8 Kensington Road,31217,Georgia,912-378-6445
866,Agathe,Lockless,Female,alocklesso1@shutterfly.com,,85072,Arizona,602-107-8589
867,Ethelbert,Sedgefield,Male,,5707 Eagle Crest Lane,18514,Pennsylvania,570-210-2227
868,Sonnie,Spata,Female,sspatao3@creativecommons.org,5294 Golden Leaf Center,11205,New York,646-648-5330
869,Hakeem,McGillreich,Male,hmcgillreicho4@nytimes.com,0 Buell Center,32830,Florida,407-622-8692
870,,Bugden,,cbugdeno5@vk.com,875 Loomis Pass,21290,Maryland,410-834-2583
871,Thane,Berthelmot,Male,tberthelmoto6@illinois.edu,4170 Iowa Crossing,33345,Florida,754-780-2856
872,Giraud,Drury,Male,gdruryo7@businessweek.com,048 Sunbrook Hill,23605,Virginia,757-661-0258
873,Susann,Cowwell,Female,scowwello8@aboutads.info,0 Namekagon Crossing,75799,Texas,903-160-4797
874,,Lafranconi,Male,ilafranconio9@soundcloud.com,476 Sullivan Alley,33325,Florida,954-409-3792
875,Oren,Janusz,Male,ojanuszoa@friendfeed.com,1057 Linden Alley,16107,Pennsylvania,724-953-5291
876,Althea,Leppington,Female,aleppingtonob@slideshare.net,080 Dahle Point,45218,Ohio,513-266-5538
877,Ignazio,Bilyard,Male,ibilyardoc@wp.com,784 Red Cloud Trail,97306,Oregon,503-305-0228
878,Fleming,Milham,Male,fmilhamod@hao123.com,95480 Bellgrove Circle,92165,California,619-431-1959
879,Colin,Waddington,Male,cwaddingtonoe@issuu.com,4856 Coolidge Alley,72231,Arkansas,501-622-8636
880,Nelie,Heifer,Female,nheiferof@xrea.com,12237 Pepper Wood Center,92196,California,619-336-9860
881,Papageno,Ronchetti,Male,pronchettiog@macromedia.com,31931 Myrtle Crossing,17126,Pennsylvania,717-388-1135
882,Kristien,Zorzi,Female,kzorzioh@tinyurl.com,8 1st Park,,California,310-471-4872
883,Rand,Alelsandrowicz,Male,ralelsandrowiczoi@livejournal.com,1087 Almo Lane,30375,Georgia,404-711-1347
884,Raymond,Jent,Male,rjentoj@squidoo.com,,,Texas,806-360-1947
885,Gleda,Rops,Female,gropsok@uiuc.edu,88 Lighthouse Bay Crossing,21203,Maryland,301-428-5696
886,Sari,Rupert,Female,srupertol@fda.gov,53 Ruskin Avenue,84145,,
887,Sue,Gawthrope,Female,sgawthropeom@dailymail.co.uk,,80935,Colorado,719-999-3887
888,Cammy,Blundell,Female,cblundellon@skyrock.com,885 Chive Avenue,33625,,
889,Bram,Bellsham,Male,bbellshamoo@themeforest.net,2340 Division Plaza,,,
890,Parker,Goldstein,Male,pgoldsteinop@whitehouse.gov,6948 Mccormick Point,93005,California,805-167-2159
891,Marris,Vedstra,Female,mvedstraoq@ustream.tv,730 Fremont Crossing,,Florida,813-804-0061
892,Stormie,Sedge,Female,ssedgeor@wiley.com,88 Melrose Drive,77234,Texas,713-939-1758
893,Regen,Harkus,Male,rharkusos@arstechnica.com,62617 Bayside Park,47812,Indiana,812-595-3142
894,Bealle,Dybell,,bdybellot@walmart.com,5 Manley Drive,85297,Arizona,480-535-6469
895,Sayre,Wardingley,Male,swardingleyou@theguardian.com,59528 Linden Alley,,California,909-322-5963
896,Beitris,Start,Female,bstartov@bandcamp.com,87 Union Plaza,33811,Florida,863-557-9660
897,Bambi,Correa,Female,bcorreaow@virginia.edu,6 Muir Avenue,77040,,
898,Netty,Randlesome,Female,nrandlesomeox@youtube.com,8369 Veith Place,64136,Missouri,816-635-3745
899,Stavro,Frankling,,sfranklingoy@list-manage.com,4 Florence Court,32605,Florida,352-155-6101
900,,Elener,Male,seleneroz@exblog.jp,960 Fisk Court,,Pennsylvania,724-442-4529
901,Otes,Glazyer,Male,oglazyerp0@wunderground.com,,62776,Illinois,217-424-5990
902,Phil,Nottram,Female,pnottramp1@macromedia.com,2 Prairie Rose Lane,55905,Minnesota,507-246-1310
903,Margaret,Tearle,Female,mtearlep2@xrea.com,4347 Oxford Hill,64125,Missouri,816-818-3277
904,Christoph,Skures,Male,cskuresp3@opensource.org,9 Hallows Plaza,78255,Texas,830-266-1354
905,Sula,MacConchie,Female,smacconchiep4@blogs.com,3 Walton Junction,68505,Nebraska,402-387-5495
906,Fawn,Caso,Female,fcasop5@issuu.com,0946 Rusk Avenue,20918,Maryland,240-928-1878
907,Shurlock,Sadd,,ssaddp6@mit.edu,1181 8th Way,31106,Georgia,404-801-0868
908,Babbie,Beswetherick,Female,bbeswetherickp7@goodreads.com,2 Bay Junction,23324,Virginia,757-553-2913
909,Daniele,O'Henery,Female,doheneryp8@themeforest.net,72 Texas Center,95138,California,408-356-4352
910,Peyton,Hasell,Male,phasellp9@devhub.com,75143 Dixon Plaza,,California,415-399-4263
911,Manda,Dolton,Female,mdoltonpa@msn.com,33 Forest Junction,55441,,
912,Gustavus,Cleall,Male,gcleallpb@noaa.gov,,73190,Oklahoma,405-968-5133
913,Randall,Whartonby,Male,rwhartonbypc@godaddy.com,085 Victoria Lane,64109,Missouri,816-381-8600
914,Basil,Dunican,Male,bdunicanpd@princeton.edu,0 Mifflin Circle,20099,District of Columbia,202-997-6927
915,Wait,Denisovich,Male,wdenisovichpe@imdb.com,3663 Towne Center,11210,New York,718-447-0922
916,Kikelia,Woollaston,,kwoollastonpf@wikispaces.com,3 Arrowood Pass,75231,Texas,469-937-4780
917,Georgianne,Scantleberry,Female,gscantleberrypg@loc.gov,8 Washington Park,58106,North Dakota,701-605-9123
918,Patty,Belliveau,Female,pbelliveauph@de.vu,00 Beilfuss Trail,46295,Indiana,317-781-6071
919,Minne,Greenhalgh,Female,mgreenhalghpi@posterous.com,24595 Algoma Hill,,Georgia,770-191-7780
920,Glen,Holligan,Female,gholliganpj@miitbeian.gov.cn,24358 Sugar Park,74141,Oklahoma,918-831-2846
921,Janeczka,Wane,Female,jwanepk@ovh.net,89421 Messerschmidt Center,,Arizona,602-230-7805
922,Zorana,,Female,zavenpl@myspace.com,5 Lyons Point,02203,Massachusetts,617-213-8251
923,Ciro,Deporte,Male,cdeportepm@baidu.com,0 Iowa Court,10464,New York,718-216-7996
924,Drud,Paddon,Male,dpaddonpn@cornell.edu,2284 Golf View Alley,92835,California,714-188-6211
925,Kin,Easton,Male,keastonpo@networkadvertising.org,32891 Fuller Court,85720,Arizona,520-359-2556
926,Adrian,Karpov,Male,akarpovpp@utexas.edu,465 Warrior Parkway,08650,New Jersey,609-533-1593
927,Damita,Burfoot,Female,dburfootpq@auda.org.au,,79945,Texas,915-968-6860
928,Petrina,Bilfoot,Female,pbilfootpr@cornell.edu,88 John Wall Point,74184,Oklahoma,918-615-8258
929,Gunther,Matterface,Male,gmatterfaceps@bandcamp.com,2275 Eastlawn Point,16565,Pennsylvania,814-967-6204
930,Cathryn,Hincks,Female,chinckspt@newsvine.com,5 Sunfield Hill,,California,831-304-1821
931,Lynsey,Vasin,Female,lvasinpu@prweb.com,25590 Veith Center,62711,Illinois,217-158-9911
932,Jude,Layne,Male,jlaynepv@technorati.com,548 Forest Court,85271,Arizona,480-635-8308
933,Maitilde,Follis,Female,mfollispw@geocities.com,,78245,Texas,830-279-4664
934,Maxwell,Oppy,Male,moppypx@ovh.net,94506 Montana Lane,20310,District of Columbia,202-968-7813
935,Tedra,MacCrossan,,tmaccrossanpy@xinhuanet.com,48994 Arrowood Hill,83722,Idaho,208-314-0742
936,Aloysia,Symington,,asymingtonpz@usnews.com,91583 Debs Avenue,89505,Nevada,775-746-0046
937,Brewer,Roscow,Male,broscowq0@cdbaby.com,42701 Redwing Lane,64149,Missouri,816-803-8812
938,Reggi,Seccombe,Female,rseccombeq1@sfgate.com,2 Basil Road,44329,Ohio,330-860-0343
939,Bert,Losebie,Male,blosebieq2@taobao.com,54 Northridge Parkway,06533,Connecticut,203-415-7270
940,,Bartosek,Female,abartosekq3@sogou.com,2889 Raven Drive,36605,Alabama,251-164-6283
941,Ernestus,Geall,Male,egeallq4@amazon.co.uk,4207 Eagle Crest Drive,01813,Massachusetts,339-995-2606
942,Anne-corinne,Achrameev,Female,aachrameevq5@acquirethisname.com,118 Golf Alley,65110,,
943,Bevin,Verna,Male,bvernaq6@xing.com,,,Tennessee,615-583-7845
944,Cull,Matresse,Male,cmatresseq7@redcross.org,29 High Crossing Pass,27690,North Carolina,919-769-1179
945,Geneva,Fergie,Female,gfergieq8@wufoo.com,6 Golf Place,63131,Missouri,636-195-8623
946,Peterus,Beall,Male,pbeallq9@accuweather.com,6 Calypso Court,48206,Michigan,313-854-9072
947,Catherina,Gittus,Female,cgittusqa@yahoo.com,0183 Northport Point,,California,714-193-1284
948,Coralyn,Poznanski,Female,,1 Waxwing Lane,24029,Virginia,540-389-0231
949,Silvano,Haley,Male,shaleyqc@techcrunch.com,,78744,Texas,361-884-6419
950,,Trustram,Female,jtrustramqd@merriam-webster.com,,97306,Oregon,503-233-1759
951,,Andress,Female,mandressqe@illinois.edu,55 Buell Lane,94207,California,916-285-7191
952,Margaretta,Jadczak,Female,mjadczakqf@dion.ne.jp,2 Oak Alley,75231,Texas,214-479-5273
953,Henrietta,Wille,Female,hwilleqg@feedburner.com,,34135,Florida,941-642-6482
954,,Pesterfield,Female,gpesterfieldqh@wikipedia.org,1575 Bayside Terrace,,Texas,713-433-9860
955,Wallace,Daintree,Male,wdaintreeqi@jalbum.net,2091 Springview Junction,93584,California,661-784-8559
956,Elsy,Josum,,ejosumqj@bloomberg.com,49 Lien Lane,38150,Tennessee,901-693-2287
957,Alys,Kubyszek,,akubyszekqk@google.com,1 Johnson Center,15134,Pennsylvania,412-403-8580
958,Guenevere,Fotherby,Female,gfotherbyql@redcross.org,831 Clarendon Street,33805,Florida,863-814-7195
959,Manon,Hawkett,Female,mhawkettqm@fastcompany.com,2 Golden Leaf Road,28256,North Carolina,704-413-6709
960,Brianna,Rothchild,Female,brothchildqn@yale.edu,8 Corben Road,07522,New Jersey,973-316-0752
961,Sherye,Michelle,Female,smichelleqo@dailymotion.com,7474 Service Park,55579,Minnesota,952-468-0309
962,Rey,Eldrid,Female,reldridqp@marketwatch.com,18399 Melrose Court,29605,South Carolina,864-422-9157
963,Mordy,Paynton,Male,mpayntonqq@unesco.org,26336 American Hill,46862,Indiana,260-903-6201
964,Iormina,Itzkov,Female,iitzkovqr@merriam-webster.com,,48107,,
965,Karyl,Bruin,Female,kbruinqs@nature.com,,72199,Arkansas,501-507-5879
966,Burt,Oleshunin,Male,boleshuninqt@prweb.com,5 Oriole Parkway,90081,California,213-974-7121
967,Lynde,Markie,,lmarkiequ@answers.com,16 Little Fleur Lane,77713,Texas,409-184-1148
968,,Perfili,Female,kperfiliqv@de.vu,82191 Mcbride Circle,06140,Connecticut,860-675-4866
969,Bernadine,Vossing,Female,bvossingqw@microsoft.com,53395 Schlimgen Plaza,15250,Pennsylvania,412-797-6802
970,Ingeberg,Boorer,Female,iboorerqx@moonfruit.com,0 Sachs Center,92812,California,714-298-4055
971,Heida,Feldman,,hfeldmanqy@redcross.org,,,Maryland,240-778-7050
972,Roi,Fumagalli,Male,rfumagalliqz@soup.io,,92160,California,619-145-7013
973,Morganne,Eunson,Female,meunsonr0@myspace.com,,89510,Nevada,775-911-9572
974,,Bourhill,Female,dbourhillr1@spiegel.de,377 Bunting Parkway,37250,Tennessee,615-694-1967
975,Gelya,O'Shevlin,Female,goshevlinr2@plala.or.jp,7 Lien Drive,76016,Texas,972-485-1860
976,Tomi,Haggus,Female,thaggusr3@twitpic.com,89020 Shasta Crossing,95813,California,916-564-9540
977,Mellie,Carlucci,,,27 Dixon Place,,Virginia,540-555-3534
978,Sybille,Sutherley,Female,ssutherleyr5@tmall.com,0467 Russell Point,20883,Maryland,240-727-7495
979,Wynny,Highnam,,whighnamr6@prlog.org,1691 Mockingbird Crossing,18505,,
980,Jerrilyn,Ferrini,Female,jferrinir7@booking.com,554 Canary Point,93291,California,209-382-1983
981,Randy,Crosscombe,,rcrosscomber8@artisteer.com,9 Mallard Park,46805,Indiana,260-522-1496
982,Jocko,Fuggle,Male,jfuggler9@toplist.cz,1 Independence Street,75287,Texas,972-369-4445
983,Elijah,Purveys,Male,epurveysra@chronoengine.com,884 Westport Alley,79182,Texas,806-890-5732
984,Lilly,Brydon,Female,lbrydonrb@vistaprint.com,97033 Oak Avenue,,Texas,214-338-8692
985,Wat,Clyant,Male,wclyantrc@sbwire.com,39 Gulseth Point,90035,California,213-217-8476
986,Emalee,Greathead,Female,egreatheadrd@icq.com,4 Golf Parkway,63158,Missouri,314-854-6386
987,Bernie,Kleinberer,Female,bkleinbererre@jimdo.com,4194 Sachs Parkway,45208,Ohio,513-784-4578
988,,Shipway,Female,rshipwayrf@1und1.de,25 Rusk Way,90510,California,818-816-2256
989,Edouard,Falla,,efallarg@cpanel.net,82 Menomonie Drive,20231,District of Columbia,202-230-0828
990,Renado,Lardier,Male,rlardierrh@zdnet.com,07621 Dakota Avenue,77206,Texas,713-307-8683
991,Tobit,Acott,Male,tacottri@toplist.cz,348 Barby Plaza,34210,Florida,941-824-4458
992,Trent,Wais,Male,twaisrj@independent.co.uk,6 Oxford Plaza,20883,Maryland,240-692-2844
993,Dirk,Mulliner,Male,dmullinerrk@xrea.com,96 Corry Court,02216,Massachusetts,617-258-0568
994,Corbett,Barbe,Male,cbarberl@quantcast.com,844 Armistice Point,71105,,
995,Aubrey,Sieur,Female,,0723 Holy Cross Point,33448,Florida,561-219-1600
996,Avery,Murrells,Male,,151 Caliangt Point,55572,Minnesota,763-160-3593
997,Felike,Zum Felde,Male,fzumfeldero@mac.com,038 Pennsylvania Circle,80161,Colorado,303-886-1274
998,Albert,Giacobbo,Male,agiacobborp@gmpg.org,86229 Merry Road,19125,Pennsylvania,215-489-6985
999,Justis,Headland,Male,jheadlandrq@qq.com,99570 Nelson Terrace,90410,California,310-285-7166
1000,Hadrian,Dealey,Male,hdealeyrr@youku.com,95793 Delladonna Park,91199,California,626-837-0972
