id,first_name,last_name,email,home_address,gender,phone_number
1,Neely,Bamlet,nbamlet0@jalbum.net,795 Birchwood Lane,Female,411-269-5336
2,Isaak,Menico,imenico1@fastcompany.com,5 Haas Trail,Male,684-609-6637
3,Colleen,Matthieson,cmatthieson2@twitter.com,,Female,285-341-2358
4,Desmund,Heinemann,dheinemann3@ft.com,4985 Westport Street,,346-150-0293
5,Colleen,Castro,,155 Starling Street,Female,144-691-3617
6,Sherwin,Reavell,sreavell5@europa.eu,17 Lotheville Place,Male,620-874-9864
7,Muhammad,Concannon,mconcannon6@who.int,,,704-631-8359
8,Shantee,Berwick,sberwick7@indiatimes.com,79 Drewry Park,Female,642-136-7721
9,,Keenor,bkeenor8@uiuc.edu,4013 Prairieview Point,Male,473-761-7661
10,Morty,Di Napoli,mdinapoli9@php.net,,Male,362-379-5922
11,Munroe,Chippindale,mchippindalea@quantcast.com,1 5th Street,Male,414-342-7389
12,Deedee,Rubertis,drubertisb@ow.ly,1 Oak Circle,Female,602-370-1228
13,Al,Swede,,0110 Valley Edge Drive,Male,156-572-1178
14,Gunther,Le Friec,glefriecd@dion.ne.jp,24345 Lerdahl Way,Male,
15,Ignazio,Dellenty,idellentye@1und1.de,91765 Doe Crossing Place,,361-213-0814
16,,Able,tablef@businesswire.com,,Male,957-266-2009
17,Linea,Farryn,lfarryng@deliciousdays.com,0 Fuller Alley,Female,678-455-3347
18,Sosanna,Cossem,,30 Bluestem Street,Female,192-746-2314
19,Esme,Seide,eseidei@yahoo.com,593 Talisman Place,Male,819-434-3483
20,Jorry,Ewestace,jewestacej@blogtalkradio.com,5596 Boyd Point,Female,814-936-5571
21,Saba,Daldan,,605 Dapin Pass,,986-170-0376
22,Karlen,Kerfoot,kkerfootl@independent.co.uk,7 Shoshone Way,Female,374-765-5571
23,Phylys,Springle,pspringlem@nhs.uk,1280 Mendota Junction,,765-442-1683
24,Isis,Girodier,igirodiern@bloomberg.com,1 Twin Pines Place,Female,
25,Tera,Natalie,tnatalieo@sciencedaily.com,9 Hoepker Place,Female,400-779-7224
26,Denyse,Simoni,dsimonip@zdnet.com,0 Corben Drive,Female,
27,Berry,Scutcheon,bscutcheonq@huffingtonpost.com,912 Everett Park,Female,515-462-2755
28,Kendall,Crosetti,kcrosettir@msu.edu,1741 Ridgeway Drive,Male,106-997-8984
29,Benedicta,Lithcow,blithcows@about.me,670 Kropf Center,,
30,Cari,Hengoed,chengoedt@tripadvisor.com,9 Glendale Alley,Female,
31,Nerty,Sauter,nsauteru@trellian.com,0272 Cordelia Park,,769-221-8540
32,Basia,Nelligan,,595 Scofield Drive,,940-300-4314
33,Ula,,ukunatw@google.co.jp,05 Sachtjen Center,,773-374-0056
34,Gard,Roddie,groddiex@mlb.com,050 8th Road,,
35,Goddard,Morten,gmorteny@tmall.com,3 Portage Street,Male,279-515-9135
36,Tina,Wartonby,twartonbyz@cbslocal.com,4 Beilfuss Road,Female,962-787-8222
37,Rudolf,McManus,,1 Homewood Lane,Male,691-501-4478
38,Yankee,Hakonsen,yhakonsen11@tripadvisor.com,96587 Anzinger Trail,Male,989-997-5822
39,Bridie,Greenroad,bgreenroad12@arizona.edu,0738 Prentice Circle,,337-162-2044
40,Cherie,Edards,cedards13@oracle.com,798 Hanover Parkway,Female,212-777-3679
41,,Mion,omion14@csmonitor.com,3645 Northwestern Crossing,,658-511-3458
42,Baillie,Braiden,bbraiden15@furl.net,17603 Moose Alley,Male,426-748-1455
43,,Smallpiece,hsmallpiece16@reuters.com,9145 Dixon Crossing,,294-257-3569
44,Raddie,Slogrove,rslogrove17@google.com,5 Grim Hill,,242-994-5460
45,Van,Blazeby,vblazeby18@yellowbook.com,5729 Meadow Valley Trail,Male,791-817-3020
46,Norrie,Bolland,nbolland19@va.gov,762 Kensington Road,Male,265-270-0946
47,Ginger,Elms,gelms1a@wordpress.com,430 Elmside Avenue,Male,
48,Vasilis,Matthews,vmatthews1b@answers.com,10 Straubel Hill,Male,780-235-3398
49,Clywd,Sorley,csorley1c@mac.com,04428 Steensland Plaza,,985-647-0864
50,Cristin,,chavis1d@ehow.com,76 Toban Drive,,658-871-4744
51,Cori,Haulkham,chaulkham1e@hao123.com,87 Summer Ridge Court,Male,227-673-2783
52,Adele,Lutton,alutton1f@adobe.com,87636 Waxwing Terrace,,
53,Morgan,Cock,mcock1g@ibm.com,9858 Summit Alley,Male,709-572-1459
54,Jada,Wisniewski,jwisniewski1h@vk.com,658 Colorado Place,,692-600-9100
55,Llewellyn,Boller,lboller1i@1und1.de,55 School Court,,950-529-6133
56,Louella,Arsnell,larsnell1j@arstechnica.com,3 Logan Place,Female,439-798-5947
57,Adams,Portingale,aportingale1k@usgs.gov,5334 Mccormick Road,Male,
58,Koral,Doddemeade,kdoddemeade1l@squarespace.com,91538 Old Shore Court,Female,991-404-6779
59,Collette,Duggen,cduggen1m@nasa.gov,456 Dapin Pass,Female,
60,Estell,Garrie,egarrie1n@github.io,6 Alpine Place,Female,565-604-3020
61,Vevay,Pashler,vpashler1o@xing.com,51063 Esch Place,Female,
62,Waring,Birtwell,wbirtwell1p@skype.com,0753 Little Fleur Junction,,616-553-2707
63,Codie,Lilleycrop,clilleycrop1q@blogtalkradio.com,5 Roth Crossing,,775-834-8374
64,Neala,Oswell,noswell1r@arizona.edu,08 Continental Alley,Female,387-300-8298
65,Ninette,,nbatt1s@acquirethisname.com,464 Kipling Drive,,186-428-7071
66,Edee,Polfer,epolfer1t@time.com,7 Rowland Hill,Female,950-128-0610
67,Bradford,Lawry,blawry1u@shop-pro.jp,2 Ruskin Center,Male,803-664-8050
68,Lexine,Vamplers,lvamplers1v@wordpress.org,867 Cottonwood Drive,Female,860-750-3676
69,Justino,Phebey,jphebey1w@soup.io,745 Knutson Parkway,Male,
70,Neddie,Sorbey,,87 Hermina Junction,Male,531-702-8686
71,Amelina,Charlick,acharlick1y@virginia.edu,07148 Shasta Lane,Female,195-975-1004
72,Cornell,Stebbings,cstebbings1z@statcounter.com,6 Butternut Center,Male,644-326-9939
73,Toddy,Clavey,tclavey20@godaddy.com,63167 Harper Circle,Male,971-363-7148
74,Seline,Colten,scolten21@ucoz.ru,6577 Garrison Avenue,,734-798-0218
75,Tilly,Westrope,twestrope22@nps.gov,76403 Del Sol Avenue,Female,203-977-8954
76,Brandais,Road,broad23@amazon.de,926 Talmadge Drive,Female,552-974-2173
77,Alfonso,Cohen,acohen24@alibaba.com,55 Burning Wood Avenue,Male,654-525-6845
78,Cherie,Welling,cwelling25@goodreads.com,3 Lyons Center,,521-703-2894
79,Ivy,Slides,islides26@discuz.net,744 Mitchell Trail,Female,497-383-1891
80,Pamelina,Maycock,,69 Homewood Lane,,666-567-5794
81,Rogers,Grigorescu,,25 North Circle,,573-970-7083
82,Giovanni,McArley,gmcarley29@epa.gov,71 Jana Point,Male,981-118-2972
83,Georgianne,,gpillington2a@blog.com,849 Derek Trail,Female,
84,Kyla,Pottle,kpottle2b@irs.gov,74994 Granby Street,Female,201-289-9225
85,Lucina,Shawdforth,,813 Starling Park,Female,997-511-4565
86,Melvin,Okill,mokill2d@google.com,9200 Kedzie Avenue,Male,546-377-0367
87,Asia,Swanne,aswanne2e@springer.com,712 Shasta Plaza,Female,198-301-1010
88,Weylin,Kenelin,wkenelin2f@wiley.com,21 Pleasure Lane,Male,
89,Northrup,Riepel,nriepel2g@usatoday.com,71 Toban Court,,
90,Ches,Wark,cwark2h@meetup.com,49562 Anniversary Lane,Male,160-160-1891
91,Nellie,Rusk,,86654 Express Crossing,Female,235-354-9589
92,Camella,Loynes,cloynes2j@va.gov,58873 Northfield Terrace,,267-749-0643
93,Gill,Gilbertson,ggilbertson2k@patch.com,25 Kenwood Plaza,Male,734-886-0808
94,Sheffie,Torri,storri2l@ocn.ne.jp,03 Oneill Parkway,Male,391-772-0455
95,Demeter,Crathorne,dcrathorne2m@illinois.edu,616 Westridge Avenue,Female,
96,,Keesman,lkeesman2n@vinaora.com,4 Stephen Court,Male,377-305-7911
97,Bob,Pilmer,bpilmer2o@bloomberg.com,497 Hudson Point,Male,
98,Janek,Muge,jmuge2p@washingtonpost.com,1294 Summerview Circle,Male,434-978-6894
99,Gertruda,Boschmann,gboschmann2q@icq.com,57 Monument Avenue,Female,260-539-2634
100,Evie,Pearlman,epearlman2r@aboutads.info,,,241-502-8767
101,Robbi,Ninnotti,rninnotti2s@phpbb.com,138 Starling Park,Female,
102,Jed,Loveitt,jloveitt2t@paypal.com,06337 Veith Lane,Male,987-371-7944
103,Donnie,Fiander,dfiander2u@vkontakte.ru,0 Arizona Parkway,,411-382-9330
104,Gabby,Frichley,gfrichley2v@4shared.com,67574 Hauk Way,Male,545-399-3284
105,Ingrid,Tapner,itapner2w@wunderground.com,925 Shoshone Trail,Female,671-606-3476
106,Waylan,Glazzard,wglazzard2x@bluehost.com,,,802-290-7315
107,Tobie,Rackley,trackley2y@craigslist.org,66064 Erie Junction,Male,783-573-6009
108,Gib,Spracklin,gspracklin2z@shinystat.com,3 Raven Way,,
109,Lindsy,Baird,lbaird30@issuu.com,1 Eggendart Alley,Female,538-468-4653
110,Jaquelyn,Snape,jsnape31@goo.ne.jp,43 Badeau Point,Female,428-478-7017
111,Bartlet,Vautre,bvautre32@princeton.edu,4416 Marcy Lane,,243-662-9103
112,Phebe,Goodin,pgoodin33@g.co,35 Superior Terrace,,546-170-3485
113,Kennett,Paulton,kpaulton34@eepurl.com,269 Kedzie Parkway,,240-575-7397
114,Danya,Mitham,dmitham35@g.co,8 Roxbury Terrace,,
115,,Simnett,rsimnett36@sakura.ne.jp,55 Grim Hill,Male,281-900-5247
116,Alan,,acashmore37@huffingtonpost.com,69 Nelson Point,Male,646-777-1296
117,Sela,Brislawn,sbrislawn38@japanpost.jp,9046 International Pass,Female,993-993-3486
118,Vernon,Colleymore,vcolleymore39@google.pl,4 Memorial Pass,Male,336-287-5386
119,Redford,Althorpe,ralthorpe3a@patch.com,0623 Sachs Trail,,578-579-3864
120,Jemmy,Skoughman,jskoughman3b@webeden.co.uk,1 Rowland Point,,538-337-3545
121,Allsun,Boxe,aboxe3c@google.com,225 Hayes Avenue,,658-799-3699
122,Orelle,Janiszewski,ojaniszewski3d@google.de,7 Gina Way,Female,192-653-2779
123,Clarinda,Briereton,cbriereton3e@yahoo.com,32 Birchwood Circle,,654-190-3704
124,Guillemette,,gbirnie3f@imdb.com,894 Algoma Parkway,,527-417-7294
125,,Abdee,gabdee3g@dot.gov,717 Pankratz Point,Female,404-979-0704
126,Samara,Lanaway,slanaway3h@1688.com,964 Goodland Junction,Female,
127,,Anglish,sanglish3i@umn.edu,9 Muir Park,Female,
128,Benji,Shearsby,bshearsby3j@wisc.edu,5 Clemons Trail,Male,392-743-0302
129,Iain,Petit,ipetit3k@creativecommons.org,7 Hanson Pass,Male,358-551-7404
130,Florette,Borge,fborge3l@macromedia.com,12 Esch Center,,626-721-6786
131,Corly,Carpenter,ccarpenter3m@blinklist.com,6 Gulseth Crossing,,408-102-0202
132,Davidde,Beardwood,dbeardwood3n@dailymotion.com,1374 Dovetail Road,,507-569-4238
133,Nicola,Dumbare,ndumbare3o@netscape.com,627 Sunbrook Court,,590-552-5967
134,Hugibert,Looney,hlooney3p@nifty.com,6 Grasskamp Court,Male,979-359-5186
135,Valentine,,vgirauld3q@exblog.jp,,,
136,Lemmy,Scranny,lscranny3r@samsung.com,1600 Forster Point,Male,
137,Valaree,Allsepp,vallsepp3s@theguardian.com,6 Toban Crossing,Female,
138,,Arkwright,markwright3t@parallels.com,51 Paget Road,Female,608-698-1608
139,Shay,Mathie,smathie3u@rakuten.co.jp,92 Gale Drive,Male,784-360-5268
140,Ardenia,Dullard,adullard3v@ed.gov,38623 Sullivan Avenue,Female,740-988-1019
141,Dorothee,Seabourne,dseabourne3w@mashable.com,5316 Heath Terrace,,
142,Arlie,Rosen,arosen3x@aboutads.info,9 Darwin Road,,314-927-3701
143,Max,Corbett,mcorbett3y@last.fm,2211 Toban Street,Male,369-807-9422
144,Bastien,Howlett,bhowlett3z@1und1.de,43605 Morrow Plaza,Male,401-716-9070
145,Guinevere,Gronno,ggronno40@cloudflare.com,,Female,
146,Siobhan,Korneichik,skorneichik41@google.nl,318 Bayside Court,Female,607-720-7976
147,Tann,Sharkey,tsharkey42@barnesandnoble.com,93199 Bunting Road,Male,328-440-8626
148,,McIlenna,nmcilenna43@biglobe.ne.jp,2 Calypso Drive,Male,
149,Harley,Giorgietto,hgiorgietto44@jiathis.com,094 Declaration Junction,Male,
150,Vivie,Ivachyov,vivachyov45@google.fr,7215 Ramsey Center,Female,389-522-2513
151,Eirena,Greveson,egreveson46@chronoengine.com,35840 Jackson Lane,Female,569-819-8280
152,Denny,Feak,dfeak47@pbs.org,05419 Vernon Alley,Female,
153,Aguste,Cockill,acockill48@telegraph.co.uk,81 Dunning Parkway,Male,471-387-9719
154,Bear,Berdale,,,Male,707-225-3386
155,Decca,Dietzler,ddietzler4a@fda.gov,9 Karstens Trail,Male,240-848-4652
156,,Alvey,,97735 Springs Lane,Female,650-905-2570
157,Herold,Moorman,hmoorman4c@census.gov,,Male,351-606-9236
158,Lacee,Gashion,,4633 Bobwhite Road,,613-600-3507
159,Raoul,Auston,rauston4e@taobao.com,82226 Porter Trail,Male,238-147-8961
160,,Gallie,agallie4f@pinterest.com,,Male,619-313-1316
161,Stace,Calterone,scalterone4g@tripadvisor.com,99 Anhalt Plaza,Female,501-430-8482
162,Jamal,Gorham,jgorham4h@marketwatch.com,9526 Hooker Road,Male,925-710-0726
163,Gabriell,O'Shesnan,goshesnan4i@independent.co.uk,,Female,776-426-2000
164,Linell,Conti,lconti4j@unicef.org,96 Stang Crossing,Female,
165,Kerri,Grinyakin,kgrinyakin4k@netscape.com,19 Fallview Point,Female,147-699-0766
166,Roshelle,Weaver,rweaver4l@ebay.com,,Female,862-877-2705
167,Pearce,Dymond,pdymond4m@usda.gov,252 American Avenue,Male,825-518-7866
168,Vania,Fortnam,vfortnam4n@businesswire.com,40618 Westridge Parkway,,396-836-7277
169,Randal,Pau,rpau4o@ask.com,05 Forest Point,Male,219-359-9717
170,Raquela,Bosley,,58326 Westridge Trail,Female,270-287-7781
171,Giustino,Gaine,,6906 Knutson Plaza,Male,831-709-0705
172,Reginauld,Gow,rgow4r@pagesperso-orange.fr,82999 Meadow Vale Terrace,Male,209-919-5857
173,Burlie,Shiel,bshiel4s@go.com,90 Veith Road,,158-940-1341
174,,Casson,rcasson4t@mlb.com,5 Birchwood Park,Male,377-657-5317
175,Nils,Brundale,nbrundale4u@fastcompany.com,163 Amoth Hill,Male,825-995-5858
176,Joane,Archibould,,67425 Vermont Hill,Female,944-451-4610
177,Mario,Churchman,mchurchman4w@technorati.com,8193 Northridge Lane,Male,162-785-5251
178,Francklyn,Jorgesen,fjorgesen4x@cpanel.net,8517 Melby Park,Male,562-885-9321
179,Mark,Laws,mlaws4y@ameblo.jp,76233 Eggendart Street,,810-522-6790
180,Cornall,Boniface,cboniface4z@chron.com,,Male,473-656-1656
181,Costa,Harniman,charniman50@elegantthemes.com,,Male,532-716-5422
182,Lin,Thorowgood,lthorowgood51@bbc.co.uk,2 Evergreen Center,Female,901-752-3178
183,Joice,Philipson,jphilipson52@chicagotribune.com,2 Sutteridge Trail,Female,931-120-2309
184,Mara,Giblett,mgiblett53@whitehouse.gov,77 Ludington Road,Female,969-104-5834
185,Lotti,Cornewell,lcornewell54@mashable.com,8 Village Avenue,,718-798-4150
186,Bellina,Cheeseman,bcheeseman55@lycos.com,16 Manufacturers Park,Female,572-514-8177
187,Krysta,Crummy,kcrummy56@51.la,87 Rowland Terrace,Female,
188,Shelby,Nimmo,snimmo57@smugmug.com,1409 Oakridge Pass,Male,476-910-1877
189,Brigit,Floodgate,bfloodgate58@yahoo.com,2915 Oneill Crossing,Female,575-237-5994
190,Neville,Doniso,,8 Manufacturers Trail,Male,964-871-1242
191,Arny,Scatchard,ascatchard5a@posterous.com,4 Jackson Road,Male,438-860-0450
192,Rosemary,Fowley,rfowley5b@sphinn.com,435 Jay Crossing,,348-604-0296
193,Micaela,Searl,msearl5c@behance.net,685 Lindbergh Center,,731-991-0994
194,Peder,Swettenham,pswettenham5d@earthlink.net,,Male,395-330-7900
195,,Fontes,mfontes5e@unicef.org,940 Ramsey Junction,Male,961-394-7587
196,Cletis,Ricciardiello,cricciardiello5f@friendfeed.com,49223 Rusk Trail,,
197,Maurita,Ditt,mditt5g@myspace.com,,Female,149-356-6201
198,Freddy,Quinion,fquinion5h@princeton.edu,6803 Sutherland Point,,
199,Valerye,Brugden,vbrugden5i@google.fr,5 Drewry Center,Female,936-364-3525
200,,Sparway,csparway5j@sakura.ne.jp,,Female,161-715-7204
201,Drew,Pietruschka,,59 Granby Circle,Male,913-987-3012
202,Tatum,,tburberow5l@technorati.com,56 Hudson Drive,,763-155-9564
203,Kingsley,,kherion5m@cbsnews.com,86481 Dawn Alley,,305-778-4263
204,Ax,Duffin,aduffin5n@webnode.com,3 Ridgeview Point,Male,825-623-8015
205,Aguistin,Breacher,abreacher5o@unc.edu,1 Schurz Avenue,Male,518-726-1182
206,Phedra,McBayne,pmcbayne5p@miitbeian.gov.cn,180 Erie Avenue,Female,
207,,Davsley,vdavsley5q@jimdo.com,4285 Lakewood Gardens Terrace,,353-613-7064
208,Desmund,Senechault,dsenechault5r@google.com,164 Eagle Crest Alley,Male,505-931-6912
209,Winn,,wgiacobbinijacob5s@constantcontact.com,200 Eggendart Hill,,248-588-2565
210,Armstrong,Tresvina,atresvina5t@jimdo.com,54976 Rockefeller Trail,,415-498-4938
211,Bibi,Hamer,bhamer5u@nymag.com,,,790-232-2571
212,Matt,Baylie,mbaylie5v@reddit.com,49 Lotheville Road,,965-826-8896
213,Franz,Clayton,fclayton5w@hostgator.com,9174 Onsgard Parkway,Male,974-731-9139
214,Teodoor,Wallen,twallen5x@tamu.edu,7055 Colorado Avenue,Male,171-748-6533
215,Cello,Hulance,chulance5y@usa.gov,69168 Lotheville Drive,,348-316-0752
216,Binky,Grocutt,bgrocutt5z@weather.com,94 Dexter Drive,,947-999-0290
217,Stefano,Jirick,sjirick60@google.ca,08 Knutson Pass,Male,860-633-0638
218,Lucina,Coleford,lcoleford61@people.com.cn,2 Bashford Circle,Female,289-518-0020
219,Fawnia,Crielly,fcrielly62@google.com,6 8th Pass,Female,268-986-6062
220,Luci,Errey,lerrey63@ow.ly,2738 Bobwhite Way,Female,
221,Darcee,Fawssett,dfawssett64@parallels.com,9 Clove Trail,Female,730-608-8724
222,Brenden,Rodie,brodie65@salon.com,9 High Crossing Avenue,Male,856-202-8522
223,Jamal,Paolone,jpaolone66@howstuffworks.com,,Male,157-916-6588
224,Shelagh,Brodley,sbrodley67@merriam-webster.com,35 Oak Center,,
225,Britt,Sherburn,bsherburn68@freewebs.com,,Male,565-513-4778
226,Eward,Heckner,eheckner69@adobe.com,20 Texas Circle,Male,602-695-0387
227,Aeriell,Damp,adamp6a@1und1.de,62 Westridge Terrace,Female,576-944-8190
228,Pooh,Charville,pcharville6b@mac.com,54 Badeau Way,Female,339-972-0643
229,Niko,Darling,ndarling6c@si.edu,85232 Homewood Street,Male,784-756-4976
230,Mendel,Gullick,mgullick6d@51.la,8 Hoepker Drive,Male,496-938-0061
231,Ynes,Dowderswell,ydowderswell6e@unesco.org,7306 Mayer Place,Female,
232,Sheryl,Giriardelli,sgiriardelli6f@meetup.com,77905 Green Ridge Plaza,Female,532-441-2738
233,Vance,Lansly,,63009 Nobel Place,Male,165-467-3537
234,Joyann,Hixley,jhixley6h@mashable.com,8 Union Lane,Female,922-371-6095
235,Tiffany,,tmacard6i@stumbleupon.com,04 Twin Pines Junction,Female,775-629-0225
236,,Bucklan,abucklan6j@t.co,84 Miller Terrace,Male,
237,Zackariah,Goodsal,zgoodsal6k@techcrunch.com,9 Lukken Circle,Male,341-124-0425
238,Brana,Nunns,bnunns6l@wired.com,9828 Crest Line Park,,544-640-3930
239,Isaac,Gaither,igaither6m@artisteer.com,7973 Michigan Junction,Male,572-545-9505
240,Huntington,Beedham,hbeedham6n@over-blog.com,0 Farwell Street,Male,
241,Emmey,Halleday,ehalleday6o@woothemes.com,557 Stuart Hill,Female,971-495-8282
242,Gratia,Kapiloff,gkapiloff6p@google.com.br,16 Northwestern Terrace,Female,738-818-0509
243,Launce,MacCoughen,lmaccoughen6q@ovh.net,0288 Browning Place,Male,480-420-7872
244,Garth,Wemyss,gwemyss6r@webmd.com,92913 Utah Way,,592-531-6060
245,Courtney,Bril,cbril6s@netlog.com,93 Elmside Street,,908-794-6007
246,Damian,Stihl,,81 Tomscot Lane,Male,334-871-2612
247,Alexi,Maggorini,amaggorini6u@homestead.com,6 Golf View Avenue,Female,716-987-2271
248,Sydelle,Myatt,smyatt6v@gravatar.com,677 Scofield Junction,,364-265-1533
249,Hope,Mulvenna,hmulvenna6w@networkadvertising.org,50848 Pond Point,,
250,Harlene,Embleton,hembleton6x@yelp.com,5 Monument Circle,,819-917-3611
251,Gratiana,Tills,gtills6y@com.com,8624 Fuller Parkway,Female,770-960-2554
252,Rollin,Trattles,rtrattles6z@blogs.com,,,194-850-2852
253,Jewelle,Jimeno,jjimeno70@posterous.com,106 Pawling Pass,Female,871-223-0043
254,Jecho,Worthing,jworthing71@weebly.com,4 Susan Trail,Male,796-336-9540
255,Malanie,Juniper,mjuniper72@mit.edu,776 Anniversary Center,Female,318-455-1096
256,Harriett,Mussington,hmussington73@xing.com,,Female,723-814-7173
257,Pat,Murley,pmurley74@lulu.com,168 Del Mar Park,,562-707-3481
258,Franni,Deaconson,fdeaconson75@bandcamp.com,6508 Eagan Street,Female,234-655-3618
259,Devin,Yablsley,dyablsley76@unblog.fr,9 Bartelt Place,Male,137-516-7231
260,Kiley,O'Kinneally,kokinneally77@over-blog.com,7 Northwestern Center,Male,290-169-9440
261,Natka,Colquyte,ncolquyte78@redcross.org,0 Spaight Junction,Female,
262,Coretta,,cprine79@amazon.co.uk,6 Almo Road,,406-801-8453
263,Marci,Garth,mgarth7a@reddit.com,27998 Clove Road,Female,
264,Pennie,,pbarten7b@addtoany.com,08 Spohn Alley,Male,171-343-1311
265,Nertie,,nhartegan7c@purevolume.com,57248 Fremont Street,Female,279-850-2527
266,Ray,Widdall,rwiddall7d@wired.com,67288 Arrowood Parkway,Male,
267,Bruis,Caldairou,bcaldairou7e@hao123.com,7427 New Castle Terrace,Male,936-673-5646
268,Elva,Weadick,eweadick7f@t-online.de,,Female,734-334-3540
269,Izaak,Gilkison,igilkison7g@dell.com,9 Rusk Point,Male,
270,Jessey,O'Donovan,jodonovan7h@studiopress.com,04869 Logan Trail,Male,181-864-8610
271,Kain,,kstuchburie7i@google.com.br,02 Quincy Crossing,Male,555-292-1984
272,Carlota,Rudman,,43148 Jackson Avenue,Female,518-502-3686
273,Joscelin,Gane,jgane7k@altervista.org,4739 Linden Center,Female,614-149-1943
274,Nickey,MacGrath,nmacgrath7l@bizjournals.com,30 Monica Pass,Male,551-407-3464
275,Dacia,Hurl,dhurl7m@photobucket.com,4265 Manley Center,Female,239-393-5675
276,Alejandrina,Buxey,abuxey7n@hao123.com,79 Katie Parkway,,877-923-8279
277,Flory,Gonthier,fgonthier7o@unc.edu,49705 Heath Alley,,575-529-2460
278,Eryn,Knill,eknill7p@fotki.com,97398 Graceland Way,Female,
279,Janis,Tremeer,jtremeer7q@ovh.net,,Female,955-233-0055
280,Rriocard,Imlen,rimlen7r@so-net.ne.jp,9579 Knutson Drive,Male,954-765-3555
281,Dionisio,,dgiacometti7s@netlog.com,,,261-775-2615
282,Aubert,Greenleaf,agreenleaf7t@ox.ac.uk,4128 Cambridge Point,Male,344-352-0950
283,Elfie,Deeprose,edeeprose7u@so-net.ne.jp,40 Claremont Way,,336-174-2074
284,Gordon,Limrick,,0 Carpenter Plaza,Male,565-476-5323
285,Ivan,Kirkby,ikirkby7w@msu.edu,44320 Claremont Point,,830-153-6967
286,Elwin,Leynton,eleynton7x@mit.edu,273 Grayhawk Terrace,Male,805-559-6072
287,Quintus,Keyson,,37 Straubel Plaza,,716-848-3103
288,Rosie,Bramah,rbramah7z@disqus.com,,,953-471-9410
289,Wilona,Wanstall,wwanstall80@mtv.com,,,791-826-2384
290,Amalle,Revelle,arevelle81@phpbb.com,3 International Parkway,Female,316-450-1447
291,Aggie,Limeburner,alimeburner82@japanpost.jp,9 Moulton Junction,Female,317-798-8652
292,Nalani,Elcomb,nelcomb83@nifty.com,94 Hansons Court,,319-125-1824
293,Kilian,Wippermann,kwippermann84@woothemes.com,295 Atwood Junction,Male,310-997-0056
294,Johnette,Beeze,jbeeze85@constantcontact.com,0 Charing Cross Court,Female,245-606-8210
295,Taryn,Olechnowicz,tolechnowicz86@themeforest.net,93425 Declaration Alley,Female,393-190-8896
296,Farlay,Ninotti,fninotti87@tuttocitta.it,8 Killdeer Terrace,Male,912-818-7825
297,Horatius,Sleford,hsleford88@yahoo.com,469 American Park,,258-320-2930
298,Nev,Reditt,nreditt89@google.com,606 Eastlawn Crossing,,
299,Riane,Ruffell,rruffell8a@istockphoto.com,787 Longview Terrace,Female,947-580-3207
300,Reube,Coyish,rcoyish8b@tripadvisor.com,5674 Drewry Road,Male,477-797-4013
301,Moritz,Tommeo,mtommeo8c@topsy.com,2505 Scofield Place,Male,157-340-6339
302,Desiree,Guarnier,dguarnier8d@amazonaws.com,0 Pepper Wood Alley,Female,470-947-1152
303,Meyer,Liebmann,mliebmann8e@home.pl,3 Valley Edge Drive,,786-445-7070
304,Neddy,Bedder,nbedder8f@shop-pro.jp,33499 Londonderry Parkway,Male,297-177-8437
305,Quinton,Marchiso,qmarchiso8g@hexun.com,44 Melrose Way,Male,393-757-4105
306,Barris,Donoghue,bdonoghue8h@amazon.com,37 Havey Terrace,Male,
307,Sydel,Moulson,smoulson8i@deviantart.com,2627 Union Alley,Female,106-350-0523
308,Lyndy,Danilchik,ldanilchik8j@home.pl,5623 Shoshone Avenue,Female,935-385-1965
309,,Whitelock,hwhitelock8k@amazon.com,25049 Bluejay Hill,Female,958-681-8970
310,Myrtie,Botwright,mbotwright8l@foxnews.com,930 Karstens Park,Female,919-713-8440
311,Coop,Franiak,cfraniak8m@clickbank.net,6531 Sutteridge Alley,,342-153-8619
312,,Luton,sluton8n@arstechnica.com,81 Grayhawk Plaza,Male,261-168-2648
313,Gerta,Cornuau,gcornuau8o@shop-pro.jp,3 Union Trail,Female,
314,Mel,Keeley,mkeeley8p@dedecms.com,09699 Grim Parkway,Female,870-514-3805
315,Martha,Grelik,mgrelik8q@yahoo.co.jp,73565 Daystar Terrace,Female,427-476-9550
316,Osborn,Corlett,,0098 Chinook Center,Male,532-164-6159
317,Bellanca,Vittet,bvittet8s@earthlink.net,9 Magdeline Alley,Female,426-320-1359
318,Mirelle,Tadman,,4632 2nd Hill,Female,347-906-1237
319,Woody,Niesegen,wniesegen8u@pbs.org,74 Delaware Avenue,,239-128-0971
320,Leandra,Jennaroy,ljennaroy8v@ebay.com,,Female,735-894-7649
321,,Mioni,kmioni8w@usda.gov,4 Porter Center,Male,930-919-3818
322,Joycelin,Aspy,jaspy8x@dion.ne.jp,3272 Waubesa Hill,,811-933-1313
323,Gunar,Rouff,grouff8y@weather.com,00 Express Court,Male,805-861-3842
324,Kathe,Miko,kmiko8z@photobucket.com,2637 Little Fleur Drive,,380-457-4065
325,Jen,Keasley,jkeasley90@omniture.com,017 West Park,Female,194-830-9267
326,Saidee,Gooderidge,sgooderidge91@shop-pro.jp,,Female,697-358-3180
327,Byran,Laundon,blaundon92@scientificamerican.com,522 Dapin Center,Male,185-846-4423
328,Kendre,Cobbold,kcobbold93@posterous.com,018 Corben Road,Female,192-443-4772
329,Carter,Canas,ccanas94@purevolume.com,,,419-257-5648
330,,Heisler,mheisler95@gnu.org,2 Stuart Alley,Male,
331,Gorden,Fallis,gfallis96@wix.com,7 Mendota Street,Male,
332,Rockwell,Hugonneau,rhugonneau97@illinois.edu,9822 Eagan Lane,Male,304-729-9310
333,Cob,Vick,cvick98@loc.gov,2011 Fisk Center,Male,335-818-0007
334,Dannie,Thebes,dthebes99@unc.edu,,,720-964-2210
335,,Munro,imunro9a@addthis.com,3 Columbus Drive,Female,
336,Vlad,Eickhoff,veickhoff9b@themeforest.net,4 Sundown Terrace,Male,806-142-6834
337,Gale,Armsby,garmsby9c@icio.us,9 Evergreen Circle,Male,952-463-7193
338,Dagmar,Gircke,,673 Tennyson Terrace,Female,326-908-1165
339,Pail,Spaunton,pspaunton9e@topsy.com,699 Warbler Trail,Male,600-983-6861
340,Kaile,Pellingar,,8192 Pankratz Pass,Female,121-654-1036
341,Jan,Suddock,jsuddock9g@cloudflare.com,677 Gulseth Junction,,935-206-7647
342,Launce,Yukhov,,1490 Brentwood Way,,603-813-8284
343,Lauretta,Selby,lselby9i@ca.gov,06125 Claremont Street,Female,237-603-5305
344,,Feltham,jfeltham9j@t.co,1 Upham Drive,Male,
345,,Schimank,tschimank9k@reverbnation.com,,Male,224-230-9279
346,Gawain,Banaszewski,gbanaszewski9l@netvibes.com,8 David Road,Male,706-777-2126
347,Mallorie,Tunaclift,mtunaclift9m@gov.uk,2447 Hauk Court,Female,657-226-7444
348,Merilyn,Nelle,mnelle9n@123-reg.co.uk,60989 Roth Center,Female,847-918-8191
349,Ricardo,Tokley,rtokley9o@senate.gov,67678 Kenwood Alley,Male,
350,Ashbey,Grunwall,agrunwall9p@bbc.co.uk,526 Old Gate Way,Male,845-742-6128
351,Erminie,Logesdale,elogesdale9q@state.gov,08 Crowley Way,Female,246-924-0359
352,Phelia,Harmeston,pharmeston9r@washington.edu,38348 Pankratz Road,,182-734-8720
353,Kari,Stoaks,kstoaks9s@dyndns.org,0 Schmedeman Street,,787-877-0825
354,Erek,Moon,emoon9t@sciencedaily.com,0432 Hovde Junction,,959-590-8183
355,Valdemar,,vcanton9u@booking.com,857 Butterfield Hill,Male,760-848-2533
356,Iona,Grassot,igrassot9v@bizjournals.com,3787 Hovde Avenue,Female,248-877-9933
357,Meghann,Espadas,mespadas9w@webmd.com,07091 Dixon Plaza,Female,728-167-5900
358,Griffie,Goodbairn,ggoodbairn9x@adobe.com,9 Forest Center,Male,516-511-7181
359,Joelle,Renyard,jrenyard9y@123-reg.co.uk,791 Anderson Alley,Female,555-162-3558
360,Cross,Bayle,cbayle9z@pinterest.com,19320 Westerfield Court,,
361,Prince,,pscarfa0@gravatar.com,14258 Hudson Alley,Male,486-891-6314
362,Homer,Leatherborrow,hleatherborrowa1@webmd.com,6 Lighthouse Bay Trail,Male,718-660-9005
363,Dorrie,,dpietrona2@yolasite.com,62337 Erie Center,Female,181-987-5279
364,Brewster,Bille,,,Male,693-437-2561
365,Tabbitha,,tralestona4@tumblr.com,568 Merrick Alley,Female,715-818-7339
366,Dalenna,Whitnell,dwhitnella5@google.de,7546 Oakridge Way,,
367,Rosmunda,Issac,rissaca6@amazon.de,963 Twin Pines Point,,154-420-1908
368,Minnaminnie,Pfaff,mpfaffa7@usda.gov,5 West Plaza,,413-275-5058
369,Yoshi,Deverock,ydeverocka8@lulu.com,36381 Arapahoe Alley,,
370,Peadar,MacSkeagan,pmacskeagana9@homestead.com,62 Maple Wood Terrace,Male,257-282-1898
371,Johnathon,Mussett,jmussettaa@comsenz.com,1 Cherokee Drive,Male,455-269-9774
372,Queenie,Bredbury,qbredburyab@facebook.com,68748 Jana Trail,,854-155-0791
373,,Newbold,nnewboldac@zimbio.com,86 Prairieview Park,Male,
374,Marius,Conman,mconmanad@ameblo.jp,5 Westerfield Park,Male,483-222-4656
375,Erika,Peirazzi,epeirazziae@unesco.org,,Female,491-528-1684
376,Kerry,Marcum,kmarcumaf@addthis.com,3706 Nevada Junction,Male,661-394-2482
377,Ali,Lovegrove,alovegroveag@cbc.ca,9332 Golden Leaf Plaza,,232-983-3549
378,Laurie,Trevorrow,ltrevorrowah@oaic.gov.au,51 Arrowood Parkway,Male,616-497-1400
379,Dierdre,Croke,dcrokeai@cargocollective.com,44016 Glacier Hill Park,Female,769-387-1450
380,Brena,Beauchamp,bbeauchampaj@etsy.com,3612 Talmadge Parkway,,127-461-3936
381,Vonny,Mullenger,,7835 Sunnyside Junction,Female,974-163-9636
382,Dannie,Aslett,daslettal@behance.net,70861 East Way,Female,962-192-8297
383,Carma,Sporgeon,csporgeonam@independent.co.uk,67 Summerview Way,Female,327-278-0709
384,Godwin,Parnaby,gparnabyan@reddit.com,5 Sachs Lane,,491-977-0271
385,Ade,Loseby,alosebyao@craigslist.org,6269 Dottie Junction,Male,946-589-2636
386,Gweneth,Hawkeswood,,6 Autumn Leaf Center,Female,428-990-4167
387,Fredrika,Ingerfield,fingerfieldaq@spiegel.de,5 Southridge Plaza,Female,846-699-2127
388,Lynnea,,lmacellarar@thetimes.co.uk,65540 Hooker Plaza,Female,963-477-8756
389,Laina,Yerrall,lyerrallas@taobao.com,73 Crownhardt Street,,395-321-9403
390,Ivar,Choppin,ichoppinat@bandcamp.com,853 Hovde Point,Male,143-559-8234
391,Art,Deegan,adeeganau@globo.com,5286 Sloan Drive,Male,292-264-8968
392,Delcina,Raw,drawav@oakley.com,,Female,589-952-2225
393,Walt,Holmyard,wholmyardaw@is.gd,4 Fairview Crossing,Male,541-284-7875
394,Harvey,,haitkenheadax@kickstarter.com,50862 Bunker Hill Center,Male,929-219-4372
395,Winfred,Caldeiro,wcaldeiroay@ox.ac.uk,024 5th Hill,Male,226-108-5678
396,,Faircloth,dfairclothaz@cbc.ca,15 Larry Court,Female,544-873-2232
397,Stern,Pickerill,spickerillb0@china.com.cn,4 Ronald Regan Point,,471-737-0660
398,Alvina,Isacke,aisackeb1@pagesperso-orange.fr,35143 Forster Trail,Female,168-242-2213
399,Sholom,Muehle,smuehleb2@diigo.com,7 Service Street,Male,720-720-3450
400,Marilee,Meaden,mmeadenb3@symantec.com,2 Boyd Plaza,,
401,Lynna,Holde,lholdeb4@mozilla.com,5 Rigney Place,,899-238-2184
402,Lesley,MacAnespie,lmacanespieb5@photobucket.com,116 Gale Park,Male,475-165-6509
403,Zena,Shoebottom,zshoebottomb6@yahoo.com,13941 Troy Lane,Female,727-105-5358
404,Doyle,Bompass,dbompassb7@indiegogo.com,4806 Spohn Drive,Male,253-717-6192
405,Marlo,Caveau,mcaveaub8@amazon.co.jp,83 Bonner Hill,Female,277-758-5481
406,Ange,Kohnen,akohnenb9@mlb.com,9264 Cardinal Alley,Female,
407,Dahlia,Signorelli,,0932 Crownhardt Street,,646-351-8662
408,Valry,Trask,vtraskbb@ebay.com,0 Hovde Hill,Female,726-954-2118
409,Philbert,Bannister,,0 Claremont Drive,Male,413-261-2978
410,Clair,Cunnell,ccunnellbd@springer.com,954 Schmedeman Alley,Female,369-789-0849
411,Kalindi,Denys,,,Female,238-518-9899
412,Euell,Reggio,ereggiobf@geocities.com,,Male,
413,Michel,Kaine,mkainebg@mlb.com,17 Roth Place,Female,489-940-4475
414,Floria,,fbrindleybh@wordpress.org,440 Hoepker Junction,Female,103-303-3212
415,Anatola,Bronot,abronotbi@wordpress.com,99 Superior Center,Female,331-312-7613
416,Moises,Stollberg,mstollbergbj@furl.net,6 Daystar Hill,Male,112-765-0255
417,Marylou,Liell,,0239 Beilfuss Center,,197-981-1984
418,Pauly,Vossgen,pvossgenbl@samsung.com,96534 Meadow Valley Junction,,450-719-9647
419,Elisha,Randell,erandellbm@chron.com,177 Carioca Alley,Female,199-849-2062
420,Hilliard,MacRorie,hmacroriebn@ning.com,4711 Village Green Center,Male,526-799-5628
421,Royall,Penquet,rpenquetbo@weebly.com,10263 Summer Ridge Lane,,338-430-5058
422,Jackquelin,Gierardi,jgierardibp@reference.com,8026 Gulseth Road,Female,558-382-7732
423,Kalie,Toyne,,,Female,
424,Addia,Haistwell,ahaistwellbr@bigcartel.com,73395 Autumn Leaf Pass,Female,
425,Luca,Jado,ljadobs@netvibes.com,75 Hagan Street,Male,799-622-2487
426,Andrew,McGettigan,amcgettiganbt@craigslist.org,6 Riverside Circle,,125-798-7423
427,Hedvige,,hcorfieldbu@go.com,72963 Southridge Court,Female,624-488-0879
428,Roosevelt,Bowfin,rbowfinbv@nymag.com,405 Veith Drive,Male,270-525-4414
429,Bobbye,Reolfi,breolfibw@symantec.com,6 Schmedeman Way,Female,544-907-2564
430,Fanni,Greenaway,fgreenawaybx@moonfruit.com,5 5th Park,Female,168-630-3472
431,Weylin,Govinlock,wgovinlockby@discuz.net,,Male,545-133-6881
432,Iseabal,Temple,itemplebz@goodreads.com,81 Daystar Crossing,Female,167-252-3802
433,Tory,Servant,tservantc0@wunderground.com,8 Kinsman Point,Female,841-825-1410
434,Georgy,O'Neill,goneillc1@myspace.com,4 Bartelt Junction,Male,
435,Kinnie,Duetschens,kduetschensc2@blogs.com,5407 Lyons Street,,796-734-2871
436,Ryley,Giovanetti,rgiovanettic3@shop-pro.jp,47 Glacier Hill Trail,Male,848-860-4899
437,Elnar,Danilin,edanilinc4@bizjournals.com,,Male,881-376-8588
438,Renate,Straine,rstrainec5@opensource.org,9220 Leroy Alley,,613-391-9002
439,Missie,Cox,,963 Alpine Point,Female,724-658-3383
440,Luther,Klimkovich,lklimkovichc7@seattletimes.com,760 Pond Hill,Male,102-623-8225
441,Hillery,Lamburn,hlamburnc8@nsw.gov.au,,Male,
442,Garland,Titherington,gtitheringtonc9@flavors.me,399 Lake View Road,,804-620-5244
443,Bernete,Bleythin,,8 Heath Pass,,529-803-9713
444,Marna,Charlesworth,mcharlesworthcb@diigo.com,52 Northport Trail,Female,799-172-8873
445,Rafaelia,Sparks,rsparkscc@auda.org.au,195 Magdeline Court,Female,859-404-8363
446,Leela,Cheverell,lcheverellcd@mayoclinic.com,51106 Merry Alley,,368-522-4927
447,Pamela,Andriesse,pandriessece@studiopress.com,,Female,410-218-1680
448,Michal,Geffen,mgeffencf@squidoo.com,229 Monument Alley,,619-202-6672
449,Dian,Whimper,dwhimpercg@1und1.de,6225 Ridgeway Avenue,,
450,Frazer,Dearnaley,fdearnaleych@csmonitor.com,0756 Blaine Junction,,601-189-4572
451,Marlo,Crooks,mcrooksci@drupal.org,77852 Fair Oaks Circle,Male,608-233-0163
452,Lyndsey,,lcollingdoncj@noaa.gov,,Female,347-877-9550
453,Jelene,Cawkill,jcawkillck@dailymotion.com,57657 Buena Vista Terrace,,502-405-8184
454,Jerald,Ferres,jferrescl@odnoklassniki.ru,861 Sutteridge Hill,Male,655-959-6117
455,Quent,Vondra,qvondracm@utexas.edu,46308 Pond Trail,Male,847-762-5365
456,Pablo,Castiglio,,705 Cody Park,Male,725-851-6542
457,Nancy,,ndebernardisco@hexun.com,08195 Rowland Trail,Female,246-182-0196
458,Job,Scholz,jscholzcp@yahoo.co.jp,8 Towne Terrace,Male,410-347-2850
459,Beitris,Whitebrook,bwhitebrookcq@adobe.com,7983 Loeprich Road,Female,946-967-1850
460,Jock,Haw,jhawcr@newsvine.com,40 Petterle Lane,Male,622-123-3177
461,Katharine,Cowhig,kcowhigcs@go.com,353 Northland Hill,Female,572-751-4065
462,Teirtza,Harsnipe,tharsnipect@sciencedaily.com,22 Helena Avenue,Female,951-943-4899
463,Deina,Fairn,dfairncu@msn.com,7 Washington Court,Female,504-267-7390
464,Liva,Goodin,lgoodincv@gravatar.com,24 Kennedy Junction,Female,946-663-7858
465,,Huntington,ghuntingtoncw@amazonaws.com,110 High Crossing Road,Female,742-244-2269
466,Darbee,Roll,drollcx@angelfire.com,89 Melvin Parkway,Male,673-549-9086
467,Melisa,Toun,mtouncy@tinypic.com,57 Dunning Place,,994-212-5842
468,Miguela,Cassimer,mcassimercz@hao123.com,1 Northland Place,Female,166-847-1576
469,Lancelot,Found,lfoundd0@oaic.gov.au,5 Shopko Street,,253-651-5314
470,Adoree,Stuckley,,5799 Cordelia Alley,Female,213-767-4910
471,Darrin,Wrout,,768 Golf View Crossing,Male,216-270-1025
472,Fidelia,Gilberthorpe,fgilberthorped3@dmoz.org,,Female,493-745-5811
473,Lanni,Cassel,lcasseld4@ezinearticles.com,50 Red Cloud Circle,Female,599-424-6607
474,Bonnee,Lafuente,blafuented5@vistaprint.com,217 Oakridge Crossing,Female,925-264-6436
475,,Iban,aiband6@vimeo.com,6 Dunning Circle,Male,779-870-2966
476,,Stiffell,sstiffelld7@stanford.edu,8 Helena Place,Female,605-381-9736
477,Betteann,Lanktree,blanktreed8@yahoo.co.jp,52 Bunting Pass,Female,173-662-1851
478,Gibbie,Geer,ggeerd9@japanpost.jp,2224 Summit Pass,Male,144-580-6706
479,Claybourne,Sawley,csawleyda@sitemeter.com,7 Truax Court,Male,456-562-8154
480,Ryan,Seefus,rseefusdb@mit.edu,2 Waubesa Place,,869-457-2744
481,Guenevere,Alben,galbendc@ft.com,,,285-822-1596
482,Glenden,McGarrahan,gmcgarrahandd@seattletimes.com,43641 Springview Road,Male,865-273-9827
483,Gorden,Hearon,ghearonde@cbc.ca,5 Mcbride Road,Male,111-281-0875
484,Jeddy,,jgarlickedf@cmu.edu,26 Dorton Point,Male,666-952-6551
485,Carr,McGillicuddy,cmcgillicuddydg@java.com,4608 Morning Drive,,832-937-9326
486,Dalton,Smallbone,dsmallbonedh@mediafire.com,68996 Swallow Plaza,Male,
487,Thibaut,,tdjokovicdi@gov.uk,6 Macpherson Park,Male,620-391-4381
488,Barnett,Mulrenan,bmulrenandj@comcast.net,19 Nevada Court,Male,427-734-5010
489,Cosette,Purches,cpurchesdk@bigcartel.com,948 Golf Course Point,Female,268-868-9024
490,Hilliary,Veltmann,hveltmanndl@gmpg.org,6469 Monument Avenue,Female,
491,Cathee,Dutt,cduttdm@g.co,1 Hoffman Crossing,Female,553-199-6675
492,Virge,Ramble,vrambledn@sbwire.com,59 Haas Terrace,Male,717-151-3293
493,Milty,Pink,mpinkdo@pcworld.com,8728 Upham Park,Male,543-324-4672
494,Emalia,Macconachy,emacconachydp@godaddy.com,9504 Basil Park,Female,397-630-8136
495,,Sebring,dsebringdq@canalblog.com,63118 Glacier Hill Place,,502-708-0732
496,Berne,McAughtry,bmcaughtrydr@ihg.com,1 Thackeray Trail,Male,830-958-0853
497,Barclay,Dennistoun,bdennistounds@creativecommons.org,1756 Kinsman Point,Male,272-742-8833
498,Melinde,,macunadt@moonfruit.com,47 Blackbird Terrace,Female,805-429-9867
499,Mariejeanne,Eyer,meyerdu@canalblog.com,3899 Spohn Terrace,Female,424-365-7469
500,Ki,Hurndall,khurndalldv@washingtonpost.com,94 Lukken Road,,939-410-2505
501,Judie,Giorgiutti,jgiorgiuttidw@eepurl.com,3522 American Road,Female,840-542-0030
502,,Defty,ldeftydx@vk.com,20842 Karstens Hill,Male,435-931-8917
503,Caspar,Gregorin,cgregorindy@cornell.edu,816 Spaight Street,Male,187-799-2499
504,Meriel,Thurber,,8092 Village Green Junction,Female,889-649-6654
505,Edyth,Steuart,esteuarte0@imdb.com,160 Hansons Park,Female,
506,Marita,Bedberry,mbedberrye1@dion.ne.jp,7 Dawn Pass,Female,110-523-5880
507,Tommie,Scandrett,tscandrette2@seattletimes.com,931 Memorial Hill,Male,847-126-1944
508,Rosene,Batalini,rbatalinie3@so-net.ne.jp,5316 Park Meadow Terrace,Female,466-870-6765
509,Doti,Huebner,dhuebnere4@booking.com,67895 Lindbergh Road,,467-359-1657
510,Adelina,Dun,adune5@bizjournals.com,36 Portage Drive,,989-570-6493
511,Anselm,,amaleckye6@umich.edu,373 Loomis Circle,Male,529-788-5874
512,Teodorico,Kilty,tkiltye7@ebay.co.uk,,Male,710-286-6163
513,Gasparo,Capey,,93 Holy Cross Center,Male,658-531-0822
514,Isidore,Sichardt,isichardte9@bravesites.com,5 Lakewood Gardens Circle,Male,737-748-5014
515,Mason,Harvatt,mharvattea@tuttocitta.it,,Male,141-488-1526
516,Lynnea,Wilmott,lwilmotteb@biblegateway.com,5 Rigney Crossing,,786-347-8863
517,Adelle,Barthropp,abarthroppec@arstechnica.com,71669 Mesta Place,Female,370-630-8678
518,Polly,Syms,psymsed@cdbaby.com,62 Sunbrook Crossing,Female,426-807-4628
519,Davie,Gait,dgaitee@mac.com,,Male,697-960-8387
520,,Brannon,,9 Alpine Court,,168-567-8891
521,Krishnah,Hollow,kholloweg@ucoz.com,964 Macpherson Street,,468-227-5559
522,Gerrie,Grinishin,ggrinishineh@usgs.gov,,Male,881-347-4477
523,Timothee,Renzini,trenziniei@t-online.de,,Male,797-530-2663
524,Karney,Harme,kharmeej@shinystat.com,34 Springview Pass,Male,
525,Selby,Sollars,ssollarsek@slate.com,292 Mayer Road,Male,658-476-3150
526,Everett,Waugh,ewaughel@dion.ne.jp,38 Oak Valley Place,Male,645-455-9320
527,Courtney,Vigors,cvigorsem@europa.eu,62 Park Meadow Park,,293-959-0773
528,Dal,Klemt,dklemten@comcast.net,49141 Ludington Road,Male,291-945-0207
529,Harbert,Fain,hfaineo@booking.com,5 Pleasure Court,Male,
530,Theadora,Line,tlineep@independent.co.uk,284 Tomscot Hill,Female,471-160-9105
531,Else,Bogges,eboggeseq@imageshack.us,695 International Center,Female,897-237-6701
532,Huberto,Barhem,hbarhemer@edublogs.org,3858 Talisman Park,Male,959-896-4778
533,Madeleine,Gullis,mgullises@intel.com,,Female,121-108-6396
534,Huntley,Triebner,htriebneret@soup.io,719 Lawn Circle,,220-371-7633
535,Beniamino,Suthworth,bsuthwortheu@theatlantic.com,65865 Sutherland Road,Male,
536,Giffie,Karoly,gkarolyev@csmonitor.com,88383 Northridge Avenue,Male,296-164-2040
537,Andy,Prise,apriseew@tamu.edu,6 Lawn Street,Male,324-291-7682
538,Jeremy,Ranby,,,Male,269-985-2778
539,Merlina,Dunk,mdunkey@china.com.cn,54 Jenifer Lane,,984-101-3553
540,Chet,Langthorne,clangthorneez@alexa.com,58 Marcy Alley,Male,759-613-7855
541,Biddie,Blatherwick,bblatherwickf0@wix.com,047 Southridge Place,Female,
542,Abbey,Trineman,atrinemanf1@earthlink.net,96228 Morningstar Parkway,,500-863-2018
543,,Caudrelier,jcaudrelierf2@loc.gov,741 Bonner Pass,Male,215-177-1445
544,Vern,Jedrachowicz,vjedrachowiczf3@posterous.com,78 Kenwood Plaza,Male,327-541-5213
545,Ag,Overill,aoverillf4@google.de,55174 Heffernan Pass,Female,817-955-8134
546,Nara,Rafferty,nraffertyf5@com.com,891 Heffernan Plaza,Female,
547,Florri,Dawbury,fdawburyf6@walmart.com,4 Algoma Plaza,Female,523-461-1122
548,Denys,Moughton,dmoughtonf7@biglobe.ne.jp,90599 Pearson Circle,Male,
549,Dimitri,Sherry,dsherryf8@census.gov,3240 Melrose Court,Male,967-506-4935
550,Laurella,Gosden,lgosdenf9@skype.com,733 Grayhawk Lane,Female,748-461-2966
551,Abbey,Stott,astottfa@ihg.com,51 Northland Center,Female,706-707-0786
552,Lorianna,Squier,lsquierfb@scribd.com,65169 Dryden Pass,Female,465-698-4219
553,Lisabeth,Shambroke,lshambrokefc@godaddy.com,,Female,274-397-5196
554,Harbert,Nissle,hnisslefd@hubpages.com,8 Golf Park,Male,
555,Etan,Leary,elearyfe@who.int,4 Tony Point,Male,767-582-3154
556,Rosie,Esposita,respositaff@example.com,,Female,782-161-1560
557,Gilemette,Ilott,gilottfg@mozilla.com,66617 Clove Park,Female,391-587-7468
558,Hedvig,Fellnee,hfellneefh@e-recht24.de,5755 Clemons Court,Female,498-219-4094
559,Jerad,,jcoggeshallfi@jigsy.com,67 Mosinee Pass,Male,248-696-8032
560,Bobbie,Flatman,bflatmanfj@baidu.com,6528 Victoria Terrace,,930-613-7232
561,Lilia,Cheke,lchekefk@nationalgeographic.com,1 Oak Lane,,834-728-5727
562,Clark,Caldairou,ccaldairoufl@acquirethisname.com,734 Northridge Crossing,Male,
563,Margaretta,Anthiftle,manthiftlefm@e-recht24.de,42 Old Gate Road,,339-157-1357
564,Franni,Server,fserverfn@devhub.com,4487 Susan Drive,,501-471-5127
565,Paulina,Fibbens,pfibbensfo@google.ru,26089 Vermont Terrace,Female,418-184-7216
566,Sonny,Gini,sginifp@nba.com,39464 Loeprich Way,Male,250-992-0568
567,,Veck,cveckfq@addthis.com,48228 Esker Lane,Male,798-600-3110
568,Bertina,Tetla,btetlafr@nba.com,8173 Bunker Hill Circle,Female,459-817-9595
569,Adler,Quade,aquadefs@bluehost.com,60047 Lakewood Plaza,Male,350-920-6051
570,Adelina,Backler,abacklerft@unblog.fr,,Female,
571,Kristian,Swindall,kswindallfu@mtv.com,56 Evergreen Plaza,Male,871-193-0037
572,Arel,Hovell,ahovellfv@issuu.com,,Male,218-472-1031
573,Clementine,Sycamore,,11 Loftsgordon Avenue,Female,451-162-6477
574,Ermin,Corderoy,ecorderoyfx@engadget.com,7 Sage Center,Male,449-780-6809
575,Ida,Sebire,,0296 Gulseth Park,Female,954-850-0712
576,Philip,Andrioletti,pandriolettifz@chicagotribune.com,0 Stephen Road,Male,159-157-7813
577,Veriee,Hamblyn,vhamblyng0@scientificamerican.com,937 Butterfield Lane,Female,621-380-0147
578,Niles,Nettleship,nnettleshipg1@msn.com,505 Norway Maple Court,Male,988-654-2841
579,Jaimie,Vian,jviang2@multiply.com,,Male,853-210-1423
580,Garnette,Mehew,gmehewg3@ycombinator.com,815 Petterle Court,Female,940-771-8467
581,Rosita,Greenin,rgreening4@woothemes.com,1 North Hill,Female,479-921-1889
582,Ariela,Edgler,aedglerg5@wufoo.com,71 Vera Trail,Female,431-418-0006
583,Nicolis,,,,Male,949-491-2678
584,Brendin,Andriessen,bandriesseng7@goodreads.com,,Male,676-811-6966
585,Tammy,Hablot,thablotg8@amazon.co.uk,02 Eliot Street,,903-553-3389
586,Raine,Sowood,rsowoodg9@howstuffworks.com,4709 Portage Hill,Female,811-150-6154
587,Christan,McCaughren,cmccaughrenga@dot.gov,4910 Mifflin Street,Female,739-693-4685
588,Kingston,Franca,kfrancagb@pbs.org,796 Butterfield Street,Male,131-144-2879
589,Jean,Ledgley,jledgleygc@google.com.br,56 Hanover Road,Female,162-425-8481
590,Anderea,Corcut,acorcutgd@earthlink.net,109 Glendale Place,Female,386-353-1824
591,Alvinia,Murford,amurfordge@house.gov,23 Loftsgordon Circle,Female,765-479-4054
592,Udell,Pike,upikegf@ed.gov,17 Meadow Valley Road,Male,715-296-8191
593,Shandeigh,Thacke,sthackegg@blogger.com,6 Twin Pines Terrace,Female,161-603-6742
594,Phillie,Spinige,pspinigegh@sakura.ne.jp,07190 Quincy Road,Female,
595,Esther,Davidowsky,edavidowskygi@amazonaws.com,09 Cardinal Point,,685-660-2116
596,Celle,Medlin,cmedlingj@ucoz.ru,263 International Terrace,Female,360-687-1527
597,Emlyn,Poulter,epoultergk@google.co.jp,50 Shopko Center,Male,566-982-3685
598,,Priddie,zpriddiegl@hugedomains.com,1 Loftsgordon Lane,,208-510-6134
599,Elisha,Swan,eswangm@kickstarter.com,3 Clove Place,Female,644-870-3405
600,Goldy,Thow,gthowgn@yolasite.com,303 Acker Drive,Female,252-669-2003
601,Silva,Heatlie,sheatliego@moonfruit.com,319 Westridge Pass,Female,581-335-6637
602,Eleen,Rapps,erappsgp@bigcartel.com,81 Morningstar Parkway,,197-264-9714
603,Sadie,Poor,spoorgq@wikipedia.org,059 Morningstar Trail,,645-328-0940
604,Shelby,Euplate,seuplategr@vk.com,699 Roxbury Center,Female,753-849-4818
605,Zackariah,Maypes,,39691 Rigney Junction,Male,976-682-8307
606,Theresa,Hamby,thambygt@nymag.com,83 Mallard Pass,Female,810-566-3094
607,Lise,Hawler,lhawlergu@nba.com,20 Lawn Plaza,Female,783-150-2455
608,Zahara,Truelove,ztruelovegv@unicef.org,005 Bartelt Drive,Female,
609,Jacky,Howford,jhowfordgw@chicagotribune.com,74 Namekagon Terrace,,851-505-5550
610,Mora,Halliwell,,03871 Truax Drive,Female,483-609-8500
611,Benji,Morhall,bmorhallgy@ft.com,361 Washington Parkway,Male,522-463-5066
612,Stesha,Reneke,srenekegz@gmpg.org,0598 Farwell Circle,,
613,Risa,Bastin,rbastinh0@yahoo.com,6 Acker Pass,Female,
614,Kennett,Clawley,kclawleyh1@google.com.hk,08 Little Fleur Lane,Male,
615,Ruthanne,Boshers,rboshersh2@zimbio.com,9 Valley Edge Hill,Female,977-691-3704
616,Micki,Larking,mlarkingh3@arstechnica.com,4976 Rockefeller Way,Female,772-544-4862
617,Dwayne,Wedge,dwedgeh4@woothemes.com,83 Little Fleur Street,Male,
618,Jamal,Stribbling,jstribblingh5@mozilla.com,20138 Briar Crest Lane,Male,446-197-5115
619,Guenna,Leemans,gleemansh6@jiathis.com,1 Coleman Drive,Female,187-873-7224
620,Vinnie,Lascelles,vlascellesh7@auda.org.au,,Female,604-961-1398
621,Orson,,oaxelbeeh8@gmpg.org,3632 Mosinee Trail,Male,927-579-1747
622,Staford,Arkill,sarkillh9@hhs.gov,52576 Valley Edge Road,Male,370-106-9846
623,Kate,Waleworke,kwaleworkeha@eepurl.com,994 Division Road,Female,306-738-1534
624,Rockey,Pickerin,rpickerinhb@smugmug.com,1 Petterle Road,Male,712-685-7746
625,Forrester,Vaz,fvazhc@networkadvertising.org,83993 Walton Court,Male,985-910-0899
626,Hamil,Brands,hbrandshd@is.gd,3553 Steensland Drive,Male,634-525-3855
627,Waylin,Ritmeyer,writmeyerhe@hubpages.com,4 Continental Avenue,Male,290-812-0306
628,Janeczka,Haskayne,jhaskaynehf@usatoday.com,6 Weeping Birch Trail,Female,765-652-3292
629,Kristen,Wilcockes,kwilcockeshg@patch.com,3965 Montana Park,Female,720-733-0680
630,Palmer,Pury,ppuryhh@psu.edu,29212 Sugar Point,,405-177-5982
631,Fianna,Coales,fcoaleshi@spotify.com,68900 East Road,,573-572-6677
632,Ninette,Cuschieri,ncuschierihj@sbwire.com,2301 Pierstorff Circle,Female,547-660-3365
633,Lynna,Ashplant,lashplanthk@dyndns.org,06398 South Center,,537-620-5479
634,Alwyn,Fairholme,afairholmehl@mozilla.org,50 Anzinger Junction,Male,863-397-4166
635,Lynnett,Harbard,lharbardhm@google.ca,,,101-902-3567
636,,Godart,bgodarthn@alibaba.com,0 Dryden Point,Female,349-377-7174
637,Tobi,Coulter,tcoulterho@statcounter.com,6 Golf Course Lane,,322-287-4842
638,Nathalie,Blackaller,nblackallerhp@smugmug.com,,Female,762-659-5159
639,Hillary,Vernham,hvernhamhq@liveinternet.ru,04 Northview Park,Female,493-995-3957
640,Barde,Hebblewaite,bhebblewaitehr@ucoz.ru,9 Di Loreto Lane,Male,214-364-7962
641,Tuckie,Taffarello,ttaffarellohs@tumblr.com,25088 Merrick Pass,,111-903-7278
642,Elmo,Covet,ecovetht@oakley.com,3 Cottonwood Court,Male,883-859-3193
643,,Silman,ssilmanhu@theglobeandmail.com,1 Del Sol Plaza,Male,552-225-9840
644,Felizio,Lessmare,flessmarehv@ibm.com,85 Mcguire Drive,,439-750-9598
645,Theo,Cantillion,tcantillionhw@weibo.com,85454 Hallows Parkway,Female,373-304-5068
646,Matt,Perry,,920 Barby Street,Male,803-710-9608
647,Lucien,O'Sesnane,losesnanehy@msu.edu,19583 Mcguire Place,Male,345-523-6581
648,Jannelle,Seakin,jseakinhz@hc360.com,7 Bunker Hill Trail,Female,859-177-5617
649,Sydney,Riley,srileyi0@acquirethisname.com,98 Maple Junction,Female,983-885-7544
650,Demetre,Kalewe,dkalewei1@amazon.com,185 Pankratz Place,Male,461-331-6091
651,Fredrika,Petrollo,fpetrolloi2@weather.com,351 Starling Trail,Female,107-171-8010
652,Isidore,Brickwood,ibrickwoodi3@cam.ac.uk,6033 Westridge Place,Male,451-501-8987
653,Alden,Jouanny,ajouannyi4@jimdo.com,6 Pine View Drive,Male,684-592-9650
654,Dalila,Lawtey,dlawteyi5@adobe.com,345 Hazelcrest Court,Female,763-357-1722
655,Jakie,Cable,jcablei6@cargocollective.com,547 Hintze Lane,Male,746-545-2571
656,Carolus,McAvin,cmcavini7@usda.gov,45 Goodland Pass,,320-323-7396
657,Bert,Keighly,bkeighlyi8@cbslocal.com,0 Union Lane,Male,657-628-9776
658,Rita,Fawlkes,rfawlkesi9@ucoz.ru,858 Lukken Drive,Female,140-954-9488
659,Bathsheba,Flather,bflatheria@go.com,4 Eliot Hill,Female,857-885-6590
660,Skipper,Stollberger,sstollbergerib@nifty.com,28 Moland Way,,675-916-6348
661,Ray,Lintin,rlintinic@newyorker.com,537 Schmedeman Place,Male,685-451-5760
662,Fabian,Chaudhry,fchaudhryid@nymag.com,31982 Boyd Circle,,388-684-6845
663,Sloan,,,34 Parkside Street,Male,696-234-7144
664,Leonora,Gerhardt,lgerhardtif@rambler.ru,,Female,440-521-4687
665,Jayme,Abelson,jabelsonig@oracle.com,3 Florence Lane,Male,969-762-2136
666,Leonidas,Ablott,lablottih@hatena.ne.jp,81136 Oriole Junction,Male,
667,Wilbert,McTrusty,wmctrustyii@webs.com,7 Merchant Trail,Male,707-818-8374
668,Addi,Mcwhinney,amcwhinneyij@harvard.edu,33931 Pond Trail,Female,359-776-2798
669,Matilda,Dotterill,mdotterillik@dell.com,,,721-321-3921
670,Darya,Ommundsen,dommundsenil@usgs.gov,9 Southridge Hill,Female,964-375-5102
671,Rogerio,Shallo,rshalloim@upenn.edu,,,
672,Godard,Goldfinch,,5 Dexter Junction,Male,313-559-0118
673,Tucker,Catto,tcattoio@weibo.com,09 Steensland Junction,Male,342-107-5219
674,Tybalt,Franciskiewicz,tfranciskiewiczip@stumbleupon.com,29694 Mifflin Crossing,Male,610-784-1942
675,,Cosser,lcosseriq@blogger.com,50 Tennessee Point,,805-573-0874
676,Maddie,Cheine,mcheineir@goo.ne.jp,2477 Esch Place,Female,795-375-4376
677,Melita,Float,mfloatis@ibm.com,41034 Fuller Street,Female,219-571-5488
678,Ermanno,Strickett,estrickettit@typepad.com,1889 Blaine Avenue,Male,616-760-9378
679,Adara,D'Antoni,adantoniiu@constantcontact.com,,,
680,Melany,Beards,mbeardsiv@facebook.com,87249 Lunder Street,Female,302-749-2273
681,Fiorenze,Valance,fvalanceiw@senate.gov,159 Comanche Junction,Female,
682,Bobbye,,bzuppaix@narod.ru,7 Bluejay Plaza,,
683,Suzi,Whitesel,swhiteseliy@blogs.com,6 Golden Leaf Court,Female,499-441-4380
684,Ingaberg,Attenborrow,iattenborrowiz@ucoz.ru,6792 Debra Alley,,214-974-5875
685,Ring,Tasker,,,Male,467-835-9012
686,Oran,,obluntj1@t-online.de,6033 Summerview Parkway,Male,457-840-6316
687,Dulcy,Screas,dscreasj2@time.com,79728 Artisan Way,Female,301-507-6442
688,Alleyn,Wratten,awrattenj3@bloglovin.com,91 Mandrake Place,Male,636-289-4191
689,Eduard,Glanvill,eglanvillj4@wix.com,341 Marcy Plaza,Male,386-407-5707
690,Jasmina,Shipman,jshipmanj5@weather.com,28796 Algoma Pass,Female,754-879-7950
691,Reinaldos,,rhaysarj6@mtv.com,32924 Bunker Hill Plaza,Male,954-363-9539
692,Olly,Attkins,oattkinsj7@yellowpages.com,05050 Hanover Road,Female,515-481-4312
693,Laurie,Spindler,lspindlerj8@yelp.com,5347 Goodland Trail,Male,
694,Catarina,Senn,csennj9@goo.ne.jp,3 Springview Court,Female,664-799-5406
695,May,Audritt,maudrittja@goo.ne.jp,594 Esch Park,Female,932-830-1010
696,Jedediah,Phelit,jphelitjb@blogs.com,35464 Hudson Parkway,,412-633-3313
697,Gayler,Kliche,gklichejc@princeton.edu,42271 Golf Course Plaza,Male,
698,Will,Featenby,wfeatenbyjd@whitehouse.gov,73 Pepper Wood Alley,Male,375-725-1650
699,Osborn,McGoldrick,,0817 Melby Road,Male,
700,Robbi,Farge,rfargejf@prweb.com,60545 Little Fleur Point,Female,289-377-4924
701,Kirbee,Stace,kstacejg@msn.com,0188 Maryland Trail,Female,598-824-3194
702,Herschel,Mailey,hmaileyjh@t-online.de,2211 Kedzie Street,Male,573-311-5813
703,Corney,Stenner,cstennerji@altervista.org,1 Bultman Drive,Male,
704,Dalton,Golby,dgolbyjj@buzzfeed.com,085 Del Mar Lane,,801-502-4795
705,Heida,Kemmet,hkemmetjk@facebook.com,36 Corben Parkway,Female,855-412-8903
706,Harri,Bridie,hbridiejl@is.gd,8652 Walton Alley,,583-230-8078
707,Sosanna,Sword,sswordjm@pinterest.com,19 Gulseth Avenue,,786-967-8208
708,Ogden,Eltone,oeltonejn@virginia.edu,,Male,993-414-2613
709,Dane,Handrok,dhandrokjo@fda.gov,119 Stoughton Street,Male,602-423-1046
710,Reamonn,Larkcum,,0678 Blackbird Pass,,722-369-6367
711,Riannon,Brixey,rbrixeyjq@oaic.gov.au,417 Monument Avenue,Female,404-891-2579
712,Lexi,Byron,lbyronjr@state.tx.us,231 Reinke Pass,,347-189-7571
713,Stoddard,Sherrin,,7744 Tony Center,,209-460-1329
714,Bird,Wolver,bwolverjt@sina.com.cn,8615 Spohn Hill,,378-538-0905
715,Bernadene,Kender,,60 Morrow Street,Female,430-765-9479
716,Son,Dennes,,77 Farmco Road,,506-560-7150
717,Neil,Noads,nnoadsjw@google.com.br,862 Dahle Trail,,630-487-1054
718,Germaine,Raycroft,graycroftjx@yelp.com,7 Morning Parkway,Female,143-160-1827
719,Ceciley,Gherardi,cgherardijy@prnewswire.com,8243 Waxwing Center,Female,279-613-6395
720,Tait,Skeemor,tskeemorjz@weather.com,886 Helena Pass,Male,462-878-1649
721,Ryan,Page,rpagek0@about.com,88692 3rd Plaza,,342-292-5743
722,Claudie,Simpole,csimpolek1@forbes.com,0707 Cordelia Place,Female,431-341-2187
723,,Jones,ejonesk2@naver.com,2903 Kipling Park,Male,940-278-2859
724,Minor,Pischof,mpischofk3@pagesperso-orange.fr,,Male,218-644-0471
725,Aprilette,Tong,atongk4@histats.com,73 Blaine Point,,989-238-7612
726,Gizela,Seniour,gseniourk5@cbc.ca,,Female,918-988-6602
727,Kipper,Kowal,kkowalk6@washingtonpost.com,560 Ramsey Avenue,Male,
728,Georgi,Skylett,gskylettk7@freewebs.com,90 Leroy Avenue,,707-317-6251
729,,Cowlam,wcowlamk8@comcast.net,571 Birchwood Avenue,Male,
730,Gabe,Rimes,grimesk9@icio.us,230 Mariners Cove Hill,,434-121-7084
731,Baird,O'Loghlen,bologhlenka@ebay.com,83371 Jana Road,Male,500-875-4212
732,Alva,,awestoffkb@istockphoto.com,3889 Village Crossing,Male,186-275-8424
733,Kristian,Catto,kcattokc@shareasale.com,90491 Talisman Street,Male,921-628-3325
734,Ragnar,Dan,rdankd@technorati.com,,Male,315-837-1954
735,,Watt,swattke@unc.edu,316 Grasskamp Parkway,Female,978-296-0340
736,Kiele,Lissandri,klissandrikf@discovery.com,33391 Forest Run Place,Female,771-362-9705
737,Roseline,Lindgren,rlindgrenkg@epa.gov,14223 Mockingbird Center,,318-114-4369
738,Corey,Goscar,cgoscarkh@amazon.co.jp,581 Westridge Pass,Female,
739,Christal,Mintrim,cmintrimki@lulu.com,826 Clove Center,Female,716-517-3381
740,Kylen,Rosbrough,krosbroughkj@hexun.com,6759 Thackeray Avenue,,922-885-3836
741,Jonah,Olivera,joliverakk@businesswire.com,,Male,235-480-2409
742,Nester,Quilkin,nquilkinkl@ftc.gov,72865 Hagan Circle,Male,
743,Yanaton,Hartington,yhartingtonkm@washingtonpost.com,174 Jay Road,,
744,Renate,Demer,rdemerkn@psu.edu,190 Arapahoe Junction,Female,513-535-4840
745,Issi,Cushion,icushionko@ibm.com,67584 Eagle Crest Avenue,Female,219-111-1778
746,Crysta,Abdee,cabdeekp@123-reg.co.uk,,,498-736-8159
747,Neron,Moorhouse,nmoorhousekq@w3.org,9 Grasskamp Center,Male,959-715-5356
748,Chelsey,Vanyushin,cvanyushinkr@google.it,156 Algoma Road,Female,643-811-9771
749,Gib,Armatidge,garmatidgeks@soup.io,59 Rieder Way,Male,816-464-4028
750,Guntar,Duggan,,0 Mesta Way,Male,
751,Averill,Kondratenko,akondratenkoku@instagram.com,3674 Jay Circle,Male,724-552-4309
752,Ailyn,Thebes,athebeskv@cloudflare.com,38 Kingsford Way,Female,616-703-5945
753,Gusta,Leamon,,43811 Carey Lane,Female,
754,Pearla,Chastan,pchastankx@livejournal.com,,,879-730-5163
755,Averil,Tolfrey,atolfreyky@canalblog.com,,Female,366-920-3656
756,Lauralee,Gelling,lgellingkz@wsj.com,77 Commercial Parkway,,795-114-0089
757,Karina,Berryann,kberryannl0@ehow.com,9019 Warner Trail,Female,
758,Jacklyn,Roaf,jroafl1@bloglovin.com,78466 Kings Alley,Female,368-381-7385
759,Cahra,Nund,,1927 Drewry Point,Female,628-321-8657
760,Gregory,,ggonnardl3@youtube.com,88353 Scoville Junction,Male,761-309-9428
761,Mark,Hulburt,mhulburtl4@house.gov,68090 Muir Junction,Male,229-857-7410
762,Brandice,Soppitt,bsoppittl5@sina.com.cn,5 Carey Avenue,Female,862-426-2704
763,Zarla,Brogioni,zbrogionil6@typepad.com,186 Schurz Road,Female,892-650-0793
764,Randolph,Keijser,rkeijserl7@sfgate.com,9886 Monterey Hill,,216-518-7591
765,Olivero,Vanes,ovanesl8@studiopress.com,434 Nelson Court,,477-412-7837
766,Florenza,Entres,fentresl9@de.vu,1 Holy Cross Road,,505-638-2738
767,,Giffin,lgiffinla@nasa.gov,82337 Sunnyside Parkway,Female,302-710-1897
768,Mendel,,mowbridgelb@technorati.com,68119 Tennessee Center,,
769,,Abrahamsohn,cabrahamsohnlc@intel.com,9 Vidon Hill,Male,
770,Wyatt,Churchlow,wchurchlowld@telegraph.co.uk,,Male,751-327-1196
771,Nessy,Dudleston,ndudlestonle@gnu.org,2942 Del Mar Hill,Female,808-169-4219
772,,Bloyes,sbloyeslf@google.com,606 Packers Terrace,Male,593-893-3707
773,Hedwiga,Assur,hassurlg@scribd.com,,Female,969-442-7669
774,Angelita,Toope,atoopelh@skype.com,667 Mayer Crossing,Female,
775,Fedora,Dober,fdoberli@rediff.com,70 Pawling Alley,Female,601-240-9667
776,Clari,,cpittwoodlj@t.co,812 Coleman Road,Female,336-636-3143
777,Wilton,Deguara,wdeguaralk@narod.ru,7265 Graceland Center,,378-712-8071
778,Nelly,Guyon,nguyonll@phpbb.com,347 Del Sol Park,,516-849-4859
779,Monro,Phython,,,Male,263-108-4096
780,Rod,Lafoy,rlafoyln@seesaa.net,618 Tony Circle,Male,575-983-4475
781,Ajay,Derell,aderelllo@canalblog.com,27604 Sunbrook Road,Female,225-545-6530
782,Kial,Renihan,krenihanlp@amazon.com,9 Florence Parkway,,635-713-4378
783,Wandie,Beamond,wbeamondlq@google.de,9 Little Fleur Parkway,,109-816-2069
784,Tanner,Jollands,tjollandslr@cmu.edu,7830 Arkansas Trail,Male,
785,Evelina,Vennart,evennartls@cyberchimps.com,5600 Jenna Center,Female,453-357-0260
786,Jae,Montes,jmonteslt@bbc.co.uk,94 North Drive,,644-292-5935
787,Hashim,Dahlback,hdahlbacklu@google.es,2 Cardinal Park,,230-364-2935
788,Livvie,Gorman,lgormanlv@huffingtonpost.com,4836 Welch Parkway,Female,386-490-4888
789,Kirk,Mose,kmoselw@parallels.com,12 Starling Court,,433-551-7207
790,Corinna,,cmeaderlx@europa.eu,,,628-397-2269
791,Jory,Gorringe,jgorringely@mysql.com,1 Lawn Road,,724-368-9029
792,Sharai,Rugieri,srugierilz@networkadvertising.org,22 Colorado Drive,Female,513-914-2561
793,Pearle,Dring,pdringm0@intel.com,32949 Clove Hill,Female,139-403-4637
794,Tabitha,Matschuk,tmatschukm1@tripadvisor.com,292 Laurel Parkway,Female,495-976-7684
795,Randie,Camus,rcamusm2@japanpost.jp,6 Bayside Junction,Female,369-631-5993
796,Carleen,Wisker,cwiskerm3@nasa.gov,811 4th Road,,926-682-7468
797,Mychal,Oganesian,moganesianm4@yelp.com,158 Bluejay Way,Male,537-642-1905
798,Hernando,Huie,hhuiem5@netscape.com,0 Oakridge Terrace,,427-846-3440
799,Sammy,Blanking,sblankingm6@hostgator.com,7 South Pass,,166-813-1151
800,Sal,Goodinge,sgoodingem7@ucoz.ru,971 Hoffman Place,Male,698-178-0668
801,,Whinney,bwhinneym8@sitemeter.com,440 Vahlen Park,,167-601-6469
802,Constantine,Fareweather,cfareweatherm9@sohu.com,9 Larry Terrace,,974-171-5333
803,Walton,Tight,,2935 Stoughton Court,Male,790-279-6957
804,Maud,Gilmour,mgilmourmb@seattletimes.com,66 Hallows Trail,Female,
805,Marcus,Girardini,mgirardinimc@meetup.com,3310 Oak Valley Court,,244-338-9366
806,,Wellbank,wwellbankmd@whitehouse.gov,199 Bashford Lane,Female,329-770-3150
807,Sauncho,Gofton,sgoftonme@123-reg.co.uk,3 Talmadge Alley,Male,669-516-8928
808,Zack,Giddins,zgiddinsmf@home.pl,860 Redwing Trail,Male,399-665-5988
809,,Chomicki,pchomickimg@odnoklassniki.ru,01198 Novick Plaza,Male,577-685-0030
810,Adaline,Pardal,apardalmh@myspace.com,61102 Marquette Road,,127-877-8995
811,Cassandry,Lippatt,clippattmi@pinterest.com,3007 Thackeray Park,Female,619-154-2529
812,Clary,Gohn,cgohnmj@liveinternet.ru,4 Michigan Circle,,394-554-0024
813,Maura,Currin,mcurrinmk@house.gov,,Female,766-513-4054
814,Corny,Geddes,cgeddesml@squidoo.com,97 Westport Hill,,309-314-0479
815,Brook,Lutton,bluttonmm@fema.gov,368 Utah Park,,422-120-9549
816,Lockwood,Dixcey,ldixceymn@gizmodo.com,775 Hoepker Drive,Male,414-667-0984
817,Loydie,Kield,lkieldmo@auda.org.au,4019 Holmberg Junction,Male,
818,Clark,Paulot,cpaulotmp@51.la,3147 3rd Avenue,Male,153-794-7828
819,Caryn,Binch,cbinchmq@ning.com,5017 Derek Alley,Female,302-322-7669
820,Sybyl,Albinson,salbinsonmr@i2i.jp,24 Memorial Hill,Female,207-303-0668
821,Tilly,Prott,tprottms@google.de,2613 Carioca Way,,315-626-2444
822,Suki,Shadrach,sshadrachmt@wufoo.com,721 Main Road,Female,540-418-9871
823,Frederique,Grishanov,fgrishanovmu@google.co.uk,,Female,
824,Heinrik,Kharchinski,hkharchinskimv@imageshack.us,68342 Dahle Street,Male,886-917-9669
825,Randell,Reditt,rredittmw@addthis.com,60 Havey Point,Male,752-606-8364
826,Andrea,Angeli,aangelimx@163.com,072 Carberry Drive,Male,474-756-1898
827,Ninette,Fursse,nfurssemy@hp.com,2 Longview Park,Female,595-472-4577
828,Robers,Tukesby,rtukesbymz@over-blog.com,11528 Trailsway Circle,Male,397-356-5672
829,Maryjane,,mabramovicin0@wikimedia.org,780 Judy Lane,Female,592-212-4453
830,Kalie,Threadkell,kthreadkelln1@vimeo.com,38005 Anderson Terrace,,640-282-0677
831,Neala,Shieber,nshiebern2@webeden.co.uk,9 Waubesa Way,Female,
832,Rolando,,rposnetten3@phpbb.com,28735 Arrowood Crossing,,777-132-7317
833,Michelina,Rogerson,,517 Luster Crossing,Female,
834,Richie,Meader,rmeadern5@time.com,311 Lindbergh Hill,Male,514-328-4258
835,Rosalyn,Kayes,rkayesn6@unblog.fr,8753 Logan Park,Female,898-949-2254
836,Dru,Ortas,dortasn7@wisc.edu,79 Oneill Lane,Female,984-850-0261
837,,Agron,fagronn8@vk.com,,Male,202-740-1167
838,Erena,Abby,,,Female,510-520-2140
839,Shaina,Minney,sminneyna@blog.com,,Female,210-409-9017
840,Junina,,jrubinshteinnb@sfgate.com,1598 Warrior Center,,834-468-5062
841,Kaela,Moreland,kmorelandnc@abc.net.au,8164 Leroy Road,Female,940-618-3620
842,Teirtza,Cammoile,tcammoilend@fotki.com,7422 Sachs Road,Female,554-652-8835
843,Lotty,Tuffield,ltuffieldne@europa.eu,8 Donald Parkway,Female,
844,Fanchette,Gaythor,fgaythornf@1688.com,5432 Di Loreto Drive,Female,710-534-0645
845,Camey,,coglethorpeng@apple.com,2831 Forest Dale Avenue,Male,664-134-8063
846,Alfons,Gradley,,72071 Morrow Trail,,296-613-6101
847,Gwenneth,Pettyfer,gpettyferni@wiley.com,81 Meadow Ridge Drive,Female,904-825-3977
848,Robinet,Bardill,rbardillnj@wsj.com,9528 Shopko Alley,,574-741-1829
849,Roxanne,Strahan,rstrahannk@npr.org,79 South Point,Female,499-910-7982
850,Mervin,Jeste,mjestenl@intel.com,573 Jenna Lane,,252-262-2163
851,Terza,Skelcher,tskelchernm@lulu.com,9 Sherman Place,Female,486-520-0690
852,Justinn,Biggans,jbiggansnn@devhub.com,2 Canary Park,Female,
853,,Clother,jclotherno@jalbum.net,,Male,526-421-6231
854,Grayce,Syson,gsysonnp@mozilla.org,917 Straubel Trail,,873-605-3854
855,Carolin,Poundsford,cpoundsfordnq@delicious.com,18211 Haas Hill,Female,367-714-9318
856,Mervin,Erb,merbnr@patch.com,2 Bellgrove Trail,Male,476-918-9709
857,Micky,Marran,mmarranns@imageshack.us,,Female,142-422-0339
858,Jard,Begg,jbeggnt@gov.uk,691 Upham Terrace,Male,399-108-1774
859,Ynes,O'Glessane,,2 Sullivan Street,Female,962-426-0948
860,Alejoa,Kubat,akubatnv@paginegialle.it,63 Nancy Street,Male,767-865-6082
861,Bria,Furby,bfurbynw@patch.com,26 Sherman Court,Female,
862,Nicko,Osgarby,nosgarbynx@virginia.edu,73 Roxbury Avenue,Male,747-178-5532
863,Josee,Mustill,jmustillny@noaa.gov,70427 Westend Circle,Female,373-513-1992
864,Emelita,Goulstone,egoulstonenz@qq.com,95 Victoria Avenue,,994-868-1200
865,Lanae,Peter,lpetero0@nhs.uk,6991 Cordelia Way,,
866,Emera,Borel,,,Female,682-973-6921
867,Barney,Jouhning,bjouhningo2@facebook.com,1 Gateway Parkway,Male,866-874-3690
868,Lidia,Stears,lstearso3@tinypic.com,2378 Shelley Court,Female,820-404-7780
869,Waverley,Boutton,wbouttono4@homestead.com,31 Erie Court,Male,300-570-0131
870,Josi,Fortman,jfortmano5@upenn.edu,65788 Melvin Place,Female,844-984-3993
871,Noe,Mostyn,nmostyno6@zimbio.com,1975 Springview Hill,Male,595-620-7181
872,Consuelo,Hankard,chankardo7@geocities.com,63738 Pepper Wood Parkway,,791-890-0102
873,Maura,Youdell,,41 Ronald Regan Park,,890-605-5160
874,Scotti,Rawles,srawleso9@bbc.co.uk,3077 Thompson Drive,Male,713-500-7164
875,Brianne,Trippitt,btrippittoa@goodreads.com,1642 Menomonie Street,Female,696-686-1013
876,Marv,Gaddes,mgaddesob@paginegialle.it,,,634-710-8957
877,Micki,Blanque,,08 Waubesa Crossing,,
878,,Bamb,cbambod@biblegateway.com,75 Orin Avenue,,746-329-2585
879,Crin,Vineall,,5 Northfield Road,Female,446-439-5987
880,,Dowers,tdowersof@privacy.gov.au,7300 Hauk Alley,Female,274-427-3083
881,Darla,Alman,dalmanog@berkeley.edu,9 Hansons Hill,Female,665-922-8752
882,,Sapsford,wsapsfordoh@cloudflare.com,6982 Boyd Junction,,134-529-7911
883,Rachele,,rcuerdaleoi@parallels.com,25 Sutteridge Plaza,Female,135-238-1185
884,Cecilius,Gai,cgaioj@deviantart.com,085 Scott Terrace,,684-347-6822
885,Mickie,,mhurleyok@aol.com,,,839-519-5993
886,,Hannigan,nhanniganol@reddit.com,70 Lillian Junction,Female,640-888-4586
887,Lamont,Gillhespy,lgillhespyom@topsy.com,18 Grim Place,,324-437-1011
888,Guenevere,Henrys,ghenryson@facebook.com,20381 Prentice Hill,Female,274-780-4538
889,Quintin,Sandifer,,91491 Farwell Point,Male,179-691-6139
890,Vince,Careswell,vcareswellop@bing.com,9190 Stang Junction,,800-430-8510
891,Deane,Caughey,dcaugheyoq@acquirethisname.com,68695 Surrey Center,Female,842-752-3436
892,Gwenore,Sherred,gsherredor@wikia.com,274 Veith Hill,Female,662-804-5201
893,Ronni,Duley,,,Female,
894,Bentlee,Gaynesford,bgaynesfordot@cargocollective.com,95071 Anthes Hill,,797-310-8412
895,Dael,Lucus,dlucusou@opera.com,839 Lien Circle,,903-728-9833
896,Grantham,,grigardeauov@mit.edu,2787 Laurel Place,Male,191-620-8872
897,Eachelle,Courtman,ecourtmanow@yelp.com,2301 Florence Pass,Female,
898,Estrellita,Bogaert,ebogaertox@springer.com,6802 Hansons Park,Female,900-539-6183
899,Storm,Lincke,slinckeoy@upenn.edu,52593 Gina Parkway,Female,787-525-3937
900,Konrad,Comerford,kcomerfordoz@jigsy.com,6284 Hintze Road,Male,846-761-7376
901,Fiorenze,Golden of Ireland,fgoldenofirelandp0@umich.edu,532 Buena Vista Circle,Female,859-846-5406
902,Burch,Scurlock,bscurlockp1@ftc.gov,9639 American Ash Court,Male,593-436-5748
903,,Du Pre,kduprep2@pbs.org,6 Scott Hill,Female,553-412-2399
904,Lindsay,Tomasi,,2421 Sundown Road,Male,209-405-3844
905,Siusan,Knatt,sknattp4@pagesperso-orange.fr,3 1st Road,Female,256-358-6342
906,Royce,Iacobassi,riacobassip5@google.nl,2 Brickson Park Hill,Male,428-302-6202
907,Ardeen,Maidment,amaidmentp6@jugem.jp,0540 Hanson Alley,Female,163-512-1864
908,Krystalle,Baldcock,kbaldcockp7@phpbb.com,12491 Continental Junction,,789-293-7187
909,Sutherland,Hambers,,4617 Gerald Lane,Male,398-100-2172
910,Thomas,Phillimore,tphillimorep9@ft.com,,Male,112-976-9997
911,Dennison,Emson,demsonpa@usnews.com,8033 American Ash Alley,,
912,Benyamin,Aronsohn,baronsohnpb@baidu.com,3212 Shasta Pass,Male,305-382-8673
913,Peg,Wozencroft,,7929 International Circle,Female,537-430-1840
914,Jacenta,Siseland,jsiselandpd@disqus.com,8 Sachtjen Place,Female,504-635-4277
915,Mohammed,Magne,mmagnepe@unicef.org,2567 Namekagon Park,,473-148-8438
916,Harmonia,Clows,hclowspf@live.com,,Female,874-599-6842
917,Ruben,Lenney,rlenneypg@plala.or.jp,73 Clove Avenue,Male,982-622-9522
918,Corie,Biskupiak,cbiskupiakph@cnet.com,0 Ohio Hill,Female,367-321-2443
919,Dominique,Bartoli,dbartolipi@wisc.edu,9692 6th Way,Male,475-610-2693
920,Juanita,Rault,jraultpj@360.cn,347 Daystar Alley,Female,660-159-9426
921,Opal,Kernock,okernockpk@columbia.edu,120 Fisk Plaza,Female,845-599-7164
922,Currey,Pea,cpeapl@php.net,,Male,207-186-4999
923,Debi,Babb,dbabbpm@miibeian.gov.cn,7 Pepper Wood Way,,371-826-5731
924,Saul,,skinglakepn@about.com,80161 Oakridge Center,Male,
925,Theressa,Kiddye,tkiddyepo@acquirethisname.com,95 Crescent Oaks Court,Female,725-660-0907
926,Ave,Pilkington,apilkingtonpp@tripod.com,,Male,665-575-3795
927,Barr,Halsworth,bhalsworthpq@dagondesign.com,,Male,595-402-6053
928,Kordula,Rustman,krustmanpr@blogs.com,939 Magdeline Junction,,
929,Raquela,Wetheril,rwetherilps@wsj.com,4 Moland Drive,,644-615-9052
930,,Honack,ahonackpt@constantcontact.com,9727 Sachtjen Pass,Male,110-622-3157
931,Ciel,,cambrosepu@joomla.org,,Female,608-713-8696
932,Morey,Birchenough,mbirchenoughpv@simplemachines.org,15020 Raven Road,Male,199-194-3628
933,Lewes,Gribbin,lgribbinpw@tripod.com,04 Susan Lane,Male,311-721-5927
934,Damaris,,dcowuppx@house.gov,37 Schurz Plaza,Female,844-975-5722
935,Tamas,Klinck,,85876 Manitowish Terrace,Male,202-867-4427
936,Lazarus,Wisniewski,lwisniewskipz@nymag.com,41 Shoshone Center,,477-155-6025
937,Noreen,,ndurranceq0@statcounter.com,550 Green Circle,Female,602-632-6929
938,Birdie,Wharin,bwharinq1@craigslist.org,6 Hanover Lane,Female,908-416-9136
939,Stanislaus,MacCole,smaccoleq2@addthis.com,19 Mallory Drive,Male,437-577-0707
940,Ramon,Stoppard,rstoppardq3@bing.com,878 Sundown Place,Male,
941,,Bernier,mbernierq4@tinyurl.com,265 Cordelia Road,Male,993-843-6835
942,Margarette,Youthed,myouthedq5@engadget.com,01 Scofield Circle,Female,670-767-9143
943,Caron,De Lacey,cdelaceyq6@dion.ne.jp,32 Hagan Hill,,
944,Fayth,Mateiko,fmateikoq7@bravesites.com,87341 Bultman Circle,Female,961-101-9787
945,Thorin,MacClay,tmacclayq8@vistaprint.com,23115 Fieldstone Park,Male,769-152-3305
946,Rex,Collingdon,rcollingdonq9@tiny.cc,23 Reindahl Hill,Male,786-182-8613
947,Kilian,Chifney,kchifneyqa@bing.com,816 Gale Plaza,Male,232-861-2724
948,Jasmin,Glassup,jglassupqb@elegantthemes.com,590 Sheridan Street,,
949,Bradly,Clew,bclewqc@abc.net.au,8602 Springs Place,Male,729-274-9626
950,Curry,Hewins,chewinsqd@devhub.com,5 Monterey Plaza,Male,121-790-1174
951,Cal,Houlton,,6395 Sugar Junction,,899-144-4863
952,,Gratrix,rgratrixqf@ifeng.com,2 Esch Pass,Male,438-815-2371
953,Lilli,Bilbery,lbilberyqg@angelfire.com,27 Blue Bill Park Center,,896-100-2031
954,Rozalin,Gawkes,,563 Mallard Pass,Female,885-589-1103
955,Daloris,Perell,dperellqi@paypal.com,5 Tomscot Trail,,225-656-5858
956,Micheil,Dring,mdringqj@google.ca,82 Morningstar Lane,Male,671-241-7646
957,Adolph,Mullineux,amullineuxqk@illinois.edu,,Male,305-773-8083
958,Charita,Ellcock,cellcockql@nydailynews.com,25576 Paget Road,Female,616-373-2942
959,Genovera,Redolfi,gredolfiqm@mtv.com,5149 Spaight Crossing,Female,667-628-3023
960,Tawnya,Nicklin,tnicklinqn@goo.gl,8659 Northwestern Court,,792-412-6115
961,Sonni,MacNulty,smacnultyqo@gov.uk,650 Steensland Court,Female,228-889-0612
962,Marrilee,Gillings,mgillingsqp@alexa.com,1845 Clove Drive,Female,458-225-3390
963,Pam,Kofax,pkofaxqq@clickbank.net,3669 Kedzie Lane,Female,906-372-1851
964,Candide,,ctreeceqr@cbsnews.com,94 Dunning Way,Female,705-646-7171
965,Grantham,Thornebarrow,gthornebarrowqs@t.co,877 Maple Wood Court,,
966,Corbett,Gothliff,cgothliffqt@youku.com,2854 Hansons Way,Male,947-693-9192
967,Katusha,O'Feeney,kofeeneyqu@epa.gov,37802 Northfield Trail,Female,742-857-2200
968,Lilly,Kingswell,lkingswellqv@bloglovin.com,62947 Sundown Alley,Female,
969,Esdras,Tsar,etsarqw@dagondesign.com,49883 Eagan Park,Male,561-787-7366
970,Charin,Lillgard,clillgardqx@gravatar.com,3716 Erie Lane,Female,952-729-1997
971,Jules,Runcie,jruncieqy@newsvine.com,97463 Twin Pines Drive,Male,612-287-9572
972,,Herreros,oherrerosqz@mayoclinic.com,,Female,920-666-1890
973,Nari,Antonutti,nantonuttir0@blogger.com,30 Gina Center,Female,466-491-5417
974,Erina,Severn,esevernr1@shutterfly.com,48 Acker Place,,737-461-1732
975,Travus,Perico,tpericor2@cmu.edu,5 Service Point,Male,826-367-6691
976,Rodge,Hannan,rhannanr3@wsj.com,,Male,701-586-2632
977,Abram,Mathiasen,amathiasenr4@wordpress.org,29316 Farwell Terrace,Male,790-222-1336
978,,McConway,mmcconwayr5@live.com,60 5th Way,Female,674-264-6443
979,Adey,Skentelbery,askentelberyr6@shareasale.com,297 Pleasure Trail,,810-108-2226
980,Johan,Swadlinge,jswadlinger7@squarespace.com,58 Wayridge Crossing,Male,668-133-1201
981,Serene,Szabo,sszabor8@apache.org,15915 Carioca Circle,Female,838-111-7118
982,Carl,Kenwell,ckenwellr9@statcounter.com,0 Karstens Center,,230-118-9522
983,Wallis,Garforth,wgarforthra@oaic.gov.au,44179 Waywood Pass,Male,657-737-3362
984,Sheryl,Taplow,staplowrb@topsy.com,80 Sherman Parkway,Female,545-581-3473
985,Emerson,Brabban,ebrabbanrc@si.edu,96031 Waxwing Lane,Male,
986,Woodman,Frany,wfranyrd@theglobeandmail.com,0215 Hagan Road,Male,512-834-5626
987,Sydney,Filipychev,sfilipychevre@jigsy.com,59 Elka Place,Male,899-943-4237
988,Maurita,Aysh,mayshrf@google.com.br,,,857-951-1157
989,Kimball,Parfitt,kparfittrg@gnu.org,9 Leroy Trail,Male,320-379-5895
990,Gilbert,,ggoldinrh@uiuc.edu,51 Sundown Hill,Male,525-343-9954
991,Saba,Popplewell,spopplewellri@merriam-webster.com,18 Schmedeman Parkway,,830-618-3508
992,Gusty,Vannacci,gvannaccirj@weebly.com,016 School Terrace,Female,234-812-0282
993,,Enga,mengark@qq.com,989 Kingsford Terrace,Female,680-733-5239
994,Celle,Ghest,,7087 Butternut Drive,Female,245-972-1187
995,Valli,Leckie,,,Female,721-509-7260
996,Kareem,Lambregts,klambregtsrn@domainmarket.com,1617 Moose Pass,Male,851-443-5415
997,Karim,Kellogg,kkelloggro@seattletimes.com,63597 Tennyson Hill,Male,676-968-4952
998,Lorrie,O'Neary,lonearyrp@bbc.co.uk,036 Sauthoff Center,Male,852-658-0186
999,Alexi,Sinderland,asinderlandrq@rambler.ru,9378 Monterey Avenue,Female,788-842-7820
1000,Curry,Scowcraft,,,Male,909-206-9512
