id,first_name,last_name,gender,email,address,city,state,postal_code,phone_number
1,Loralee,MacAdam,,lmacadam0@twitter.com,0122 Alpine Street,Fort Wayne,Indiana,46814,260-134-3027
2,Shir,Padula,Female,spadula1@state.gov,7 Orin Lane,Littleton,Colorado,,720-172-5365
3,Nicole,Ottey,Female,nottey2@ucsd.edu,04558 Del Mar Street,New York City,New York,10175,646-968-2745
4,Wandie,MacKinnon,Female,wmackinnon3@geocities.jp,4 Morningstar Alley,Tucson,Arizona,85743,520-484-3593
5,,Avey,Male,tavey4@google.com.br,40574 Mallard Crossing,Canton,Ohio,44720,234-345-6985
6,Fernando,O'Kenny,Male,fokenny5@census.gov,7951 Debs Parkway,Philadelphia,Pennsylvania,19172,215-389-8578
7,Ardith,Mc Corley,,,4177 Hanover Drive,Sioux Falls,South Dakota,57188,605-243-3990
8,Cathi,Tolson,Female,ctolson7@macromedia.com,6237 Butterfield Trail,Savannah,Georgia,31416,912-140-1702
9,Shae,Lanahan,,slanahan8@bravesites.com,01818 Kings Terrace,Sacramento,California,95818,916-222-0642
10,Lanie,Muccino,Male,lmuccino9@jalbum.net,0803 Kensington Park,Fullerton,California,92640,559-362-2513
11,Lindon,Toffano,Male,ltoffanoa@wordpress.org,,Oklahoma City,Oklahoma,73114,405-249-3373
12,,Plumptre,Male,bplumptreb@comcast.net,,Cincinnati,Ohio,45296,513-613-0331
13,Bebe,Perfect,Female,bperfectc@sun.com,4023 Brentwood Road,,,33336,
14,Cordula,Ricold,Female,cricoldd@nih.gov,6 Scofield Terrace,Richmond,Virginia,23213,804-783-3315
15,Gordon,Portlock,Male,gportlocke@springer.com,07348 Northport Way,El Paso,Texas,79940,915-911-2740
16,Susannah,Hamlin,Female,shamlinf@cdbaby.com,,Minneapolis,Minnesota,55423,763-851-5060
17,Hetti,Tulleth,Female,htullethg@google.co.uk,66842 Southridge Crossing,Van Nuys,California,91406,310-872-9614
18,Emelda,Ithell,Female,,9124 Spaight Place,Port Washington,New York,11054,516-257-9691
19,Bell,Mushet,Female,bmusheti@economist.com,8 Aberg Lane,Shreveport,Louisiana,71166,318-659-4496
20,Maryl,Pyser,Female,mpyserj@auda.org.au,04454 Reinke Road,Gilbert,Arizona,85297,480-919-8953
21,Trevor,Enefer,Male,teneferk@princeton.edu,50 Utah Way,Philadelphia,Pennsylvania,19184,215-242-1909
22,Gran,Tussaine,Male,gtussainel@php.net,11 Lukken Park,San Antonio,Texas,78265,210-774-6953
23,Stu,Gouldsmith,Male,sgouldsmithm@addtoany.com,,Washington,District of Columbia,20310,202-216-1819
24,Sanderson,Clace,Male,sclacen@privacy.gov.au,4 Havey Street,Anderson,South Carolina,29625,864-370-0253
25,Felicle,Isted,Female,fistedo@symantec.com,9 Anhalt Park,Dayton,Ohio,45440,937-602-2965
26,Cele,Lewsey,Female,clewseyp@state.gov,7082 Crescent Oaks Avenue,,,56372,
27,Erik,Stihl,Male,estihlq@people.com.cn,79 Manley Hill,Van Nuys,California,91499,213-615-9526
28,Ransom,Kehoe,,rkehoer@narod.ru,82672 Burrows Alley,San Diego,California,92105,858-820-3288
29,Larine,Irvin,Female,lirvins@etsy.com,0162 Mcguire Circle,Norfolk,Virginia,,757-259-6598
30,Querida,Swabey,Female,qswabeyt@ovh.net,632 Killdeer Place,Tacoma,Washington,98442,253-799-6602
31,Zola,Rzehorz,,zrzehorzu@1und1.de,43 Dwight Drive,New York City,New York,10029,212-375-0561
32,Florina,Soall,Female,fsoallv@chronoengine.com,851 Marquette Point,Pensacola,Florida,32505,850-649-9275
33,Cleveland,Eggins,Male,cegginsw@stanford.edu,875 Michigan Crossing,Gatesville,Texas,76598,254-424-5743
34,Jackson,Rosenbush,Male,jrosenbushx@biblegateway.com,63618 Butternut Avenue,Washington,District of Columbia,20029,202-654-1784
35,Alla,Sallinger,Female,asallingery@hc360.com,7254 Green Terrace,Houston,Texas,77255,713-132-7571
36,Gracia,Gilluley,Female,ggilluleyz@hexun.com,1650 Lyons Street,Greensboro,North Carolina,27499,336-617-7186
37,Katti,Marryatt,,kmarryatt10@de.vu,64 Columbus Center,Omaha,Nebraska,68179,402-927-3530
38,Collin,Coviello,,ccoviello11@wisc.edu,518 Summit Junction,Chicago,Illinois,60669,312-603-8643
39,Stavros,De Banke,Male,sdebanke12@wired.com,22 Hoffman Circle,Sacramento,California,94280,916-520-7197
40,Merna,MacDougall,Female,mmacdougall13@marriott.com,74 Erie Drive,Madison,Wisconsin,53716,608-433-8610
41,Roslyn,Romer,Female,rromer14@ning.com,51 Myrtle Hill,Fayetteville,North Carolina,28305,910-322-4814
42,Janeczka,Oatley,Female,joatley15@shinystat.com,2 Manley Alley,Philadelphia,Pennsylvania,19131,215-478-4743
43,Sabrina,Szymczyk,Female,sszymczyk16@narod.ru,1 Cordelia Terrace,Saint Paul,Minnesota,,651-963-3288
44,Herbert,Rulf,Male,hrulf17@fc2.com,1 Dryden Parkway,,,45243,
45,Glenn,Bamell,Female,,9 Colorado Parkway,Boston,Massachusetts,02216,617-390-4334
46,Rudolfo,Mort,Male,rmort19@4shared.com,5452 Carberry Crossing,Brooklyn,New York,11231,917-397-8439
47,Gabriell,Binnes,Female,,7270 Golf Course Terrace,Houston,Texas,77234,713-557-3962
48,Wynnie,Coneybeare,Female,wconeybeare1b@cnn.com,7 Mitchell Way,Houston,Texas,77050,281-491-2165
49,,Palliser,Male,tpalliser1c@booking.com,56 Heffernan Park,Houston,Texas,77288,713-960-1481
50,Janelle,Coniam,Female,jconiam1d@china.com.cn,55 Bunting Center,,,,
51,Antons,Riedel,Male,ariedel1e@narod.ru,70023 Mallard Lane,Long Beach,California,90805,323-917-4800
52,Florette,Dudliston,Female,fdudliston1f@bloglovin.com,,Brooklyn,New York,11254,212-865-6748
53,Allianora,Rains,,arains1g@berkeley.edu,60 Hauk Place,Virginia Beach,Virginia,23454,757-164-8027
54,Horacio,Nickels,Male,hnickels1h@cbc.ca,4930 Kedzie Hill,Charleston,West Virginia,25326,304-479-3606
55,Tris,Frisch,Male,tfrisch1i@so-net.ne.jp,0 Londonderry Circle,Boston,Massachusetts,02109,617-810-1344
56,Duke,Rubury,Male,drubury1j@myspace.com,217 Harper Plaza,Oklahoma City,Oklahoma,73109,405-542-0248
57,Lynnell,Peche,,lpeche1k@quantcast.com,,Detroit,Michigan,48206,313-472-8597
58,Emma,Colbrun,Female,ecolbrun1l@rambler.ru,939 Granby Road,Washington,District of Columbia,,202-120-2782
59,Chere,Skerman,Female,cskerman1m@dyndns.org,8 Derek Road,Springfield,Illinois,62718,217-962-5727
60,Renate,Sprigging,,rsprigging1n@berkeley.edu,86947 Meadow Vale Circle,Cleveland,Ohio,44105,216-207-7958
61,Sibley,Dengel,Female,sdengel1o@paypal.com,01 Anderson Junction,Bakersfield,California,93386,661-312-4301
62,Otho,Tynewell,,otynewell1p@altervista.org,19 Veith Avenue,Evansville,Indiana,47732,812-333-6140
63,Artus,Keenor,Male,akeenor1q@paypal.com,17149 Pennsylvania Terrace,Oklahoma City,Oklahoma,73142,405-342-8302
64,Piggy,Van Arsdall,Male,pvanarsdall1r@arstechnica.com,7084 Park Meadow Center,Anaheim,California,92805,949-903-0557
65,,Ratcliff,,dratcliff1s@army.mil,1 Hoepker Terrace,,,88514,
66,Joni,Carvill,Female,jcarvill1t@princeton.edu,96 Banding Street,Albany,New York,12227,518-775-8637
67,Koral,Sans,Female,ksans1u@ft.com,28673 Loeprich Plaza,Atlanta,Georgia,31136,404-987-3298
68,Gunter,Stanhope,,gstanhope1v@homestead.com,,Fairbanks,Alaska,99790,907-683-7833
69,Augustine,Sargent,Male,asargent1w@vistaprint.com,127 Tomscot Road,Oklahoma City,Oklahoma,73173,405-172-3746
70,Eugenius,Grendon,Male,egrendon1x@themeforest.net,205 Carioca Terrace,,,89178,
71,Andria,Climie,Female,aclimie1y@homestead.com,32 Independence Alley,Birmingham,Alabama,35295,205-571-1240
72,Birgit,Burcher,Female,bburcher1z@google.pl,72 Corscot Pass,Lakeland,Florida,33805,863-951-4510
73,Dex,Lilliman,Male,dlilliman20@drupal.org,74321 New Castle Center,Santa Barbara,California,93150,805-593-8251
74,Eolanda,Torbard,Female,etorbard21@pcworld.com,89 International Plaza,Seattle,Washington,98175,206-336-4665
75,Nollie,Richichi,Male,nrichichi22@vkontakte.ru,5926 Pine View Court,Albuquerque,New Mexico,87201,505-491-9770
76,Anet,Bowerbank,Female,,50652 6th Drive,Kansas City,Missouri,64130,816-990-2272
77,Jens,Beadon,Male,jbeadon24@yale.edu,,Johnson City,Tennessee,,423-435-1416
78,Ash,Simonato,Male,asimonato25@utexas.edu,8604 Waxwing Crossing,Sioux City,Iowa,51105,712-101-6113
79,Foster,Savidge,Male,fsavidge26@etsy.com,660 Hauk Way,Wichita,Kansas,67230,316-318-0206
80,Gilbertine,Danilyak,Female,gdanilyak27@skyrock.com,,Greensboro,North Carolina,27404,336-499-9495
81,Sibyl,Crosskill,Male,scrosskill28@europa.eu,72 Kedzie Pass,Irving,Texas,75062,972-311-6493
82,Shaughn,Gyles,Male,sgyles29@stumbleupon.com,1431 Spaight Place,Chicago,Illinois,60624,773-997-9265
83,,Antic,Male,gantic2a@reddit.com,3 Del Sol Trail,Saint Petersburg,Florida,33742,727-138-4447
84,Keary,Florio,Male,kflorio2b@ask.com,,Glendale,California,91205,323-951-0947
85,Sondra,Mompesson,Female,smompesson2c@yellowpages.com,0856 Schlimgen Hill,Santa Barbara,California,93111,702-324-4125
86,Minnnie,Wollen,Female,mwollen2d@1und1.de,213 Lakeland Point,Metairie,Louisiana,70005,504-825-8624
87,Irvin,Tranfield,Male,itranfield2e@discuz.net,04 Scoville Junction,San Mateo,California,94405,805-986-1004
88,Tome,Pierton,Male,tpierton2f@mac.com,563 Spaight Drive,Nashville,Tennessee,37240,615-588-0357
89,Garvey,Blencowe,Male,gblencowe2g@mozilla.org,298 Delladonna Place,Chicago,Illinois,60657,773-310-3092
90,Bram,Dee,Male,bdee2h@taobao.com,1522 Erie Lane,Chicago,Illinois,60669,312-179-7733
91,Iorgos,Paskins,Male,ipaskins2i@foxnews.com,4008 Florence Way,Salt Lake City,Utah,84130,801-494-8656
92,Irvin,Alyukin,Male,ialyukin2j@ycombinator.com,19797 Mendota Trail,,,33180,
93,Demetria,Tomaello,Female,dtomaello2k@homestead.com,950 Corry Alley,Richmond,Virginia,23213,804-267-3135
94,Ode,Sobey,,osobey2l@ihg.com,2 Mendota Drive,Cincinnati,Ohio,45218,513-754-9227
95,Stephanus,Brownhill,Male,sbrownhill2m@ihg.com,3003 Moulton Circle,Louisville,Kentucky,40298,502-787-4643
96,Ingeberg,Tinkham,Female,itinkham2n@cafepress.com,42 Meadow Ridge Crossing,Roanoke,Virginia,24034,540-919-5869
97,Arly,Kenewel,Female,akenewel2o@dropbox.com,2 Menomonie Court,Houston,Texas,,713-448-3667
98,Mariel,Devereu,Female,mdevereu2p@hexun.com,7 Clemons Trail,Madison,Wisconsin,53779,608-371-7878
99,Laurie,Camplin,,lcamplin2q@psu.edu,26197 Boyd Lane,Jersey City,New Jersey,07310,201-554-8594
100,,Cribbins,,,13 Jay Hill,Silver Spring,Maryland,20910,202-741-6725
101,Ray,Cordelette,Male,rcordelette2s@state.tx.us,667 Sherman Place,New York City,New York,10131,212-391-4078
102,Xavier,Boath,Male,xboath2t@state.gov,8 Veith Road,Cleveland,Ohio,44118,216-953-2012
103,,Surtees,Female,zsurtees2u@theglobeandmail.com,,Albany,Georgia,31704,229-458-3785
104,Beale,Pesik,Male,bpesik2v@yandex.ru,3 Ryan Hill,Fort Wayne,Indiana,46825,260-690-8380
105,Koenraad,Bruster,Male,kbruster2w@bandcamp.com,44 Erie Junction,Elizabeth,New Jersey,07208,908-532-5952
106,Sarena,MacColgan,,smaccolgan2x@github.io,9651 Rigney Plaza,Portland,Oregon,97229,503-578-2851
107,Inna,Cotsford,Female,icotsford2y@adobe.com,,Albuquerque,New Mexico,87121,505-505-7071
108,West,Steuart,Male,wsteuart2z@blinklist.com,970 Talisman Lane,Port Washington,New York,,516-772-8822
109,Laney,Cownden,Male,lcownden30@prnewswire.com,375 Village Place,,,64153,
110,Amitie,Magrannell,Female,amagrannell31@buzzfeed.com,11997 Hallows Trail,Washington,District of Columbia,20260,202-398-0858
111,Thorny,Studdal,Male,tstuddal32@prnewswire.com,438 Talisman Alley,Delray Beach,Florida,33448,561-681-3225
112,Crista,Barrack,Female,cbarrack33@cnbc.com,162 American Ash Hill,Jamaica,New York,11431,212-582-6841
113,Mohandis,Burcher,Male,mburcher34@msn.com,8328 Longview Avenue,New York City,New York,10203,212-943-1215
114,Jeanne,Nern,Female,jnern35@qq.com,23 Namekagon Lane,Utica,New York,13505,315-579-9605
115,Richardo,Smiz,Male,rsmiz36@pen.io,843 Lindbergh Street,El Paso,Texas,,915-257-0685
116,Joellyn,Sandle,Female,,3 Brown Hill,Muskegon,Michigan,49444,231-313-6163
117,Silvanus,Cain,,scain38@comsenz.com,,Wilmington,Delaware,19892,302-369-1233
118,Red,Woolerton,Male,rwoolerton39@disqus.com,633 Parkside Junction,Irvine,California,92612,714-854-3572
119,Aurelea,Jancik,Female,ajancik3a@theatlantic.com,149 North Pass,Bakersfield,California,93386,661-219-7957
120,Tabitha,MacKeogh,Female,tmackeogh3b@businessweek.com,04 Waubesa Pass,Lexington,Kentucky,40596,859-417-3764
121,Ange,Garcia,Female,agarcia3c@aboutads.info,2 Dennis Court,Charlotte,North Carolina,28215,704-201-8550
122,Dedie,Tilburn,,,2 Lillian Parkway,Cleveland,Ohio,44197,216-584-4316
123,Alis,Riddett,Female,ariddett3e@irs.gov,85360 Mcbride Place,Tuscaloosa,Alabama,35487,205-752-5934
124,Eveleen,Redhills,Female,eredhills3f@sphinn.com,93 Bay Avenue,Washington,District of Columbia,20557,202-554-1793
125,Natalie,Tomaszczyk,Female,ntomaszczyk3g@shinystat.com,8 Goodland Circle,Pasadena,California,91199,626-496-0060
126,Alic,Musicka,Male,amusicka3h@dropbox.com,6 Northwestern Junction,Memphis,Tennessee,,901-451-2462
127,Layne,Helmke,Female,lhelmke3i@indiegogo.com,,Huntington,West Virginia,25705,304-953-1912
128,,Hazlehurst,Male,shazlehurst3j@europa.eu,5944 Fair Oaks Junction,,,44177,
129,Clyve,McInerney,Male,cmcinerney3k@blogtalkradio.com,030 Hansons Hill,Waterloo,Iowa,50706,319-242-5659
130,Jarvis,Gabbott,Male,jgabbott3l@wikipedia.org,109 Starling Lane,Peoria,Illinois,61614,309-119-8192
131,Darn,Spinella,Male,dspinella3m@unesco.org,,,,80217,
132,Page,Pankettman,Male,ppankettman3n@hatena.ne.jp,69 Fairfield Road,Memphis,Tennessee,,901-758-1292
133,Vonny,Bosomworth,,vbosomworth3o@xing.com,69557 Magdeline Circle,Kent,Washington,98042,206-192-3113
134,Isadora,Kenlin,Female,ikenlin3p@sphinn.com,4650 Del Mar Drive,El Paso,Texas,88569,915-990-1693
135,Olly,Redmell,Female,oredmell3q@reuters.com,,,,32412,
136,Marchall,Tolemache,Male,mtolemache3r@mtv.com,,El Paso,Texas,79977,915-364-3765
137,Barnebas,Bage,Male,bbage3s@cisco.com,8 Mifflin Crossing,Fresno,California,93704,209-820-6159
138,Tirrell,Grahame,Male,tgrahame3t@whitehouse.gov,1192 Walton Place,Lincoln,Nebraska,68524,402-470-6920
139,Hube,Rooksby,Male,hrooksby3u@amazon.com,8 Orin Center,Shawnee Mission,Kansas,66205,913-622-3091
140,Isa,Abbyss,Male,iabbyss3v@google.ru,07 Corry Court,Austin,Texas,78737,512-318-4379
141,Carlynn,Seals,Female,cseals3w@kickstarter.com,13 Randy Lane,Berkeley,California,94712,510-428-5249
142,Eugenie,Presser,Female,epresser3x@deliciousdays.com,1 Grasskamp Plaza,,,89145,
143,Duky,Purselow,Male,dpurselow3y@about.me,44182 Lake View Way,Los Angeles,California,90065,818-741-9460
144,Moe,Plaxton,Male,mplaxton3z@un.org,0 Monterey Road,Washington,District of Columbia,20022,202-739-6844
145,Shay,Kitson,Female,skitson40@hatena.ne.jp,77 Harbort Court,El Paso,Texas,79923,915-977-8869
146,Keir,Adao,,kadao41@slashdot.org,,,,46278,
147,Gusella,Billows,Female,gbillows42@bbc.co.uk,04845 Rigney Way,,,80150,
148,Hilly,Buntin,Male,hbuntin43@posterous.com,0 Becker Crossing,Tulsa,Oklahoma,74116,918-427-9673
149,Ronnica,Kubes,Female,rkubes44@nydailynews.com,8 Oakridge Way,Albany,New York,12232,518-928-1306
150,Rees,Farrell,Male,rfarrell45@studiopress.com,7210 Quincy Drive,Bakersfield,California,93381,661-643-3398
151,Nana,Rate,Female,,9 Quincy Alley,Saint Paul,Minnesota,55108,651-958-3408
152,Siouxie,Haresnape,Female,sharesnape47@businessinsider.com,7 Everett Center,,,24040,
153,Brigham,Fawlkes,Male,bfawlkes48@wordpress.com,87762 Mariners Cove Parkway,Saint Paul,Minnesota,55108,651-938-9241
154,Julian,Winslett,Male,jwinslett49@google.cn,07051 Evergreen Alley,Minneapolis,Minnesota,55480,612-542-5041
155,Patricio,French,Male,pfrench4a@theguardian.com,2084 Warner Drive,,,32803,
156,Karen,Pollen,Female,kpollen4b@bing.com,942 Hauk Center,Washington,District of Columbia,20268,202-909-1116
157,Kincaid,Simkin,Male,ksimkin4c@ameblo.jp,48867 Saint Paul Crossing,Denver,Colorado,80235,720-791-5368
158,Jasen,Benedite,Male,jbenedite4d@salon.com,93 Eliot Lane,Miami,Florida,33169,305-181-6023
159,Rorke,Boar,Male,rboar4e@economist.com,044 Dunning Place,Washington,District of Columbia,,202-731-6205
160,Clifford,McLanachan,Male,cmclanachan4f@dropbox.com,55979 Anzinger Crossing,,,90020,
161,Dolph,Fitzackerley,Male,dfitzackerley4g@yolasite.com,78207 Oneill Parkway,Honolulu,Hawaii,96850,808-438-2566
162,Crissy,Jeacock,Female,cjeacock4h@upenn.edu,914 Northfield Crossing,Atlanta,Georgia,30343,404-439-8569
163,Floria,Fishbourne,Female,ffishbourne4i@squarespace.com,,,,40233,
164,Shawnee,Oriel,Female,soriel4j@latimes.com,8 Ridgeway Terrace,Houston,Texas,77266,832-857-0639
165,Stephana,Alans,Female,salans4k@comsenz.com,,Fargo,North Dakota,58122,701-184-1408
166,Richie,Birwhistle,Male,rbirwhistle4l@smh.com.au,27 Prairie Rose Drive,Amarillo,Texas,79116,806-719-6839
167,,Garfield,Male,kgarfield4m@youku.com,,Seattle,Washington,98158,360-712-1143
168,Adella,Southern,,asouthern4n@earthlink.net,86244 East Court,Warren,Michigan,48092,810-108-2115
169,Arden,Clingoe,Female,aclingoe4o@vimeo.com,86 Sunnyside Hill,Colorado Springs,Colorado,,719-444-4583
170,Arabele,Tongue,Female,atongue4p@craigslist.org,888 Schurz Road,Los Angeles,California,90071,562-875-2593
171,Gordon,Philo,Male,gphilo4q@bluehost.com,61 Sheridan Point,Lansing,Michigan,48919,517-882-4803
172,Harlin,Rodway,Male,hrodway4r@techcrunch.com,326 Oxford Parkway,Washington,District of Columbia,20226,202-167-1826
173,Andria,Finders,Female,afinders4s@sbwire.com,74 Cody Street,Evansville,Indiana,47719,812-330-2509
174,Zack,Kirlin,,zkirlin4t@washingtonpost.com,,Springfield,Illinois,62794,217-264-6731
175,,Eadmeads,Female,geadmeads4u@technorati.com,1 Carey Circle,Detroit,Michigan,48258,313-139-2749
176,Garry,Danels,Male,gdanels4v@harvard.edu,,Springfield,Missouri,65898,417-157-6364
177,Hagan,Turnor,Male,hturnor4w@oracle.com,11000 Novick Circle,Bridgeport,Connecticut,06606,203-817-1918
178,Bear,,Male,bvandermerwe4x@ucoz.ru,56 Packers Crossing,Miami,Florida,33134,305-635-2923
179,Daryl,Lilliman,,dlilliman4y@sohu.com,,Salt Lake City,Utah,84152,801-938-7229
180,Ward,Fishleigh,Male,wfishleigh4z@uiuc.edu,37 Sullivan Point,Minneapolis,Minnesota,,952-431-7113
181,Minna,Imrie,Female,mimrie50@domainmarket.com,,Fort Myers,Florida,33913,239-987-8101
182,Judon,Lankester,,jlankester51@engadget.com,2 Coolidge Terrace,Santa Cruz,California,95064,831-986-3426
183,Eartha,Elcock,Female,eelcock52@friendfeed.com,81 Anniversary Circle,Flint,Michigan,48550,810-781-2683
184,Mireille,Sparshatt,Female,msparshatt53@amazon.com,9220 Calypso Hill,Brooklyn,New York,11220,718-577-7779
185,Nikola,Ert,Male,nert54@economist.com,81 Little Fleur Center,Salt Lake City,Utah,84152,801-424-1817
186,Alyson,Denyukhin,Female,adenyukhin55@ehow.com,92584 Logan Park,Eugene,Oregon,97405,541-803-7080
187,Merry,Domoni,Male,mdomoni56@bloglines.com,,Charlotte,North Carolina,28230,704-410-6721
188,Lemmie,MacIlraith,Male,lmacilraith57@usda.gov,0 Barby Avenue,Birmingham,Alabama,35295,205-362-7433
189,Aloise,Meco,Female,ameco58@seesaa.net,98 Little Fleur Hill,Oklahoma City,Oklahoma,73197,405-672-4918
190,Bryn,Pfaffel,Female,bpfaffel59@mozilla.com,58593 Atwood Park,Miami,Florida,,786-724-3728
191,Tibold,Ivanin,,tivanin5a@epa.gov,239 Boyd Pass,Oakland,California,94622,510-883-7699
192,Elliott,Moberley,Male,emoberley5b@yale.edu,00 Pearson Crossing,Green Bay,Wisconsin,54305,920-788-3999
193,Marylee,Demetr,Female,mdemetr5c@boston.com,23 Di Loreto Pass,Albany,Georgia,31704,229-205-2376
194,Danya,Mutlow,Male,dmutlow5d@paypal.com,270 Jenifer Alley,Charleston,West Virginia,25326,304-968-6091
195,Adolf,Vanyukov,Male,avanyukov5e@pen.io,17385 Dahle Road,New York City,New York,10115,212-237-3150
196,Davita,D'Ugo,Female,ddugo5f@studiopress.com,40615 Weeping Birch Crossing,New York City,New York,10249,212-435-8226
197,Beitris,Simmell,,bsimmell5g@ebay.co.uk,325 Arkansas Lane,Buffalo,New York,14269,716-765-2393
198,Joela,Bretelle,,jbretelle5h@seesaa.net,06 Menomonie Court,Orange,California,92862,714-399-7967
199,Reade,Charker,Male,,25849 Magdeline Street,Alexandria,Virginia,,571-552-0353
200,Geoffry,Dunleavy,Male,gdunleavy5j@miibeian.gov.cn,3 Shelley Center,Akron,Ohio,44310,330-971-6913
201,Hebert,Cridlin,,hcridlin5k@wisc.edu,7 Ridgeway Crossing,Dallas,Texas,75323,214-211-6791
202,Fabio,Sidden,Male,fsidden5l@i2i.jp,86 Eliot Junction,Naples,Florida,34102,941-651-3706
203,Dulce,Souter,Female,dsouter5m@oakley.com,9139 Thackeray Hill,Springfield,Missouri,65898,417-604-6119
204,Zorine,Klimuk,Female,zklimuk5n@wikipedia.org,73939 Shopko Terrace,Newark,New Jersey,07195,862-105-3929
205,Regine,Drynan,Female,rdrynan5o@vimeo.com,8 Scoville Alley,Sacramento,California,95865,916-280-5879
206,Ag,Angear,Female,aangear5p@tamu.edu,66902 Spenser Road,Pasadena,California,91117,626-576-2130
207,Filberte,Perot,Male,fperot5q@cnn.com,90923 American Hill,Jackson,Mississippi,39210,601-734-1965
208,Pietra,Yakobovitz,Female,pyakobovitz5r@globo.com,4056 Forest Dale Trail,El Paso,Texas,88584,915-610-6050
209,Chere,Wands,Female,cwands5s@yellowpages.com,790 Commercial Road,Newport News,Virginia,23612,757-926-3111
210,Jacqueline,Bispham,Female,jbispham5t@domainmarket.com,,Boston,Massachusetts,02109,617-647-8751
211,Claire,Gruszczak,Male,cgruszczak5u@t.co,32965 Crest Line Place,West Palm Beach,Florida,33411,954-145-8881
212,Skippy,Mallett,Male,smallett5v@nbcnews.com,07 Tony Road,Johnson City,Tennessee,37605,423-915-6941
213,Josefina,Kubu,Female,jkubu5w@unc.edu,77 Messerschmidt Pass,Corpus Christi,Texas,78465,361-221-3429
214,Johnna,Quennell,Female,jquennell5x@accuweather.com,44 Granby Circle,Houston,Texas,77293,281-842-6942
215,Bliss,Sleith,Female,bsleith5y@europa.eu,87 Monica Way,Saint Paul,Minnesota,55188,651-317-3097
216,Remy,,Female,rderechter5z@skyrock.com,8281 Porter Street,Oklahoma City,Oklahoma,73190,405-469-4931
217,Knox,McGowan,Male,kmcgowan60@mayoclinic.com,4783 Cardinal Drive,Daytona Beach,Florida,,386-373-4585
218,Jacqui,Cornfoot,Female,jcornfoot61@bigcartel.com,20832 Forest Run Place,New Brunswick,New Jersey,08922,732-493-1848
219,Felice,Rawlison,Female,frawlison62@buzzfeed.com,47976 Texas Lane,Louisville,Kentucky,40233,502-885-3320
220,Danya,Holston,Female,dholston63@sphinn.com,086 Green Lane,,,70883,
221,Latrina,McNeish,Female,lmcneish64@latimes.com,43180 Messerschmidt Alley,Kalamazoo,Michigan,49006,269-394-0040
222,Sandi,Hegarty,Female,shegarty65@constantcontact.com,821 Donald Hill,Huntsville,Alabama,35810,256-275-3789
223,Wallache,Cattow,Male,wcattow66@ustream.tv,46 Melrose Point,Seattle,Washington,98121,425-569-9189
224,Teressa,Garshore,Female,tgarshore67@unblog.fr,4431 Meadow Vale Park,Reston,Virginia,22096,571-125-2500
225,Sayer,Golledge,Male,sgolledge68@domainmarket.com,2303 Monument Trail,North Little Rock,Arkansas,72199,501-428-1200
226,Brade,Wind,Male,bwind69@indiatimes.com,620 Milwaukee Point,Lubbock,Texas,79491,806-838-9523
227,Marla,Beadman,Female,mbeadman6a@nasa.gov,5472 Hoffman Point,Albany,New York,12247,518-985-4421
228,Aaron,Heaviside,,aheaviside6b@1688.com,0354 Village Circle,Sacramento,California,94286,916-627-5634
229,Rocky,Bohling,Male,rbohling6c@surveymonkey.com,0 Hansons Pass,Santa Fe,New Mexico,87505,505-787-5758
230,Florette,Haly,Female,fhaly6d@prnewswire.com,2 Sachtjen Plaza,Springfield,Massachusetts,01152,413-111-4494
231,Bale,Luno,Male,bluno6e@weather.com,50266 Anthes Parkway,Milwaukee,Wisconsin,53234,414-216-9770
232,Manya,Milazzo,Female,mmilazzo6f@alibaba.com,64 Luster Lane,Inglewood,California,90305,323-809-2472
233,Tremaine,Elsay,Male,telsay6g@columbia.edu,,Jamaica,New York,11431,212-822-9193
234,Kendrick,Blinman,Male,kblinman6h@bizjournals.com,00257 Porter Crossing,Spokane,Washington,99252,509-321-2494
235,Helena,Antuk,Female,hantuk6i@123-reg.co.uk,8 Heath Parkway,Melbourne,Florida,32941,321-153-5706
236,Kathy,Middleweek,Female,kmiddleweek6j@stumbleupon.com,39 Butternut Park,Atlanta,Georgia,30380,404-554-5824
237,Carine,Slee,Female,cslee6k@mozilla.org,81 Rockefeller Drive,Hollywood,Florida,33028,954-330-3526
238,Glennis,Carlett,Female,gcarlett6l@mysql.com,76928 Logan Drive,South Bend,Indiana,46699,574-249-7435
239,Barrie,Assur,Female,bassur6m@dyndns.org,3 Reindahl Pass,Worcester,Massachusetts,01610,508-353-0722
240,Ralph,Crathern,Male,rcrathern6n@google.fr,8 Sherman Crossing,Washington,District of Columbia,20010,202-570-3939
241,Husein,Artist,Male,hartist6o@soundcloud.com,69 Fordem Park,New York City,New York,10024,718-283-9741
242,Kip,Krzyzaniak,Male,kkrzyzaniak6p@vkontakte.ru,58262 Canary Junction,Kingsport,Tennessee,37665,423-899-5153
243,Susi,Gonoude,Female,sgonoude6q@howstuffworks.com,2 Bobwhite Way,Des Moines,Iowa,50320,515-923-0051
244,Christos,Plumridge,Male,cplumridge6r@drupal.org,85 6th Parkway,Baltimore,Maryland,21239,410-116-2270
245,Toddy,Danbi,Male,tdanbi6s@admin.ch,1 Jackson Circle,Rockford,Illinois,61110,815-140-2115
246,Chester,Legister,,clegister6t@google.com.hk,406 Commercial Junction,Dayton,Ohio,45454,937-475-6070
247,Louis,Voysey,Male,lvoysey6u@amazonaws.com,90 Mosinee Street,Mansfield,Ohio,44905,419-978-0063
248,Dar,Beswick,Male,dbeswick6v@ucoz.ru,2 Crowley Point,Winston Salem,North Carolina,27150,336-846-0900
249,Darlleen,Crut,Female,dcrut6w@reverbnation.com,9071 Browning Circle,Lexington,Kentucky,40576,859-599-9957
250,Lark,Issacoff,Female,lissacoff6x@google.co.uk,967 Longview Center,Orange,California,92862,714-959-1029
251,Christiane,Mackro,,cmackro6y@businessinsider.com,,Jefferson City,Missouri,65110,573-478-2702
252,Renata,Povah,Female,rpovah6z@chronoengine.com,,Sacramento,California,95833,916-809-9979
253,Zorana,Criag,Female,zcriag70@home.pl,8 Killdeer Junction,Boston,Massachusetts,02104,318-326-1425
254,Janenna,Laybourn,Female,jlaybourn71@last.fm,35 Ramsey Avenue,,,37995,
255,Ham,Sambrook,Male,hsambrook72@clickbank.net,8438 Rockefeller Alley,El Paso,Texas,88589,915-125-6663
256,Weber,Drewitt,Male,wdrewitt73@toplist.cz,25153 Armistice Street,Richmond,Virginia,23228,804-960-1427
257,Felizio,Bromige,Male,fbromige74@soup.io,4 Brown Point,Panama City,Florida,32412,850-720-9426
258,Kessia,Valentim,Female,kvalentim75@disqus.com,12 Dorton Plaza,Charleston,West Virginia,25313,304-916-4914
259,Rance,Eberts,Male,reberts76@ucsd.edu,2708 Summerview Hill,Macon,Georgia,31205,478-305-9337
260,,Honywill,Female,jhonywill77@fastcompany.com,68998 Main Junction,Miami,Florida,33169,305-833-4296
261,Melony,Swinburn,Female,mswinburn78@studiopress.com,65438 Kennedy Alley,,,,
262,,Beautyman,Male,lbeautyman79@un.org,0323 Judy Parkway,Richmond,Virginia,23285,804-371-6111
263,Conroy,Althrope,Male,calthrope7a@uiuc.edu,5601 Katie Point,,,85072,
264,Xena,Heinemann,Female,xheinemann7b@netlog.com,,Santa Clara,California,95054,858-275-9240
265,Giorgi,Mickelwright,Male,gmickelwright7c@gravatar.com,253 Starling Road,Washington,District of Columbia,20022,202-980-0734
266,Belvia,Fink,Female,bfink7d@icio.us,31980 Anthes Circle,Washington,District of Columbia,20525,202-470-8353
267,Ardelis,Claeskens,Female,aclaeskens7e@macromedia.com,411 Forest Crossing,San Jose,California,95155,408-318-3646
268,,Passion,,mpassion7f@barnesandnoble.com,4374 Rigney Parkway,Vero Beach,Florida,32969,772-856-4491
269,Ros,Tumasian,Female,rtumasian7g@e-recht24.de,372 3rd Hill,Syracuse,New York,13210,315-205-0801
270,Jillayne,Hymus,Female,jhymus7h@examiner.com,147 Maywood Avenue,Fort Pierce,Florida,34981,772-149-6926
271,Erminie,Izod,Female,eizod7i@washingtonpost.com,0 Ramsey Park,Los Angeles,California,90045,310-362-3795
272,Eugen,Angelini,Male,eangelini7j@sohu.com,0 Mendota Junction,Orlando,Florida,32819,407-613-5924
273,Alanah,Coad,Female,acoad7k@spiegel.de,274 Vidon Parkway,Newport Beach,California,92662,949-454-1535
274,Chelsie,Kleinber,Female,ckleinber7l@is.gd,3 Kings Road,Charlotte,North Carolina,28278,704-218-9251
275,Lonee,Antonsson,Female,,85 Straubel Street,Berkeley,California,94712,510-682-0208
276,Patrizius,Ayrton,Male,payrton7n@wired.com,,Evansville,Indiana,47705,812-198-4118
277,Ephrem,Arrigucci,Male,earrigucci7o@dailymail.co.uk,31541 Dexter Terrace,San Antonio,Texas,78215,210-594-7124
278,Karna,Eat,Female,keat7p@fda.gov,33 Gale Hill,Pasadena,Texas,77505,713-327-6768
279,Aldis,Sturm,,asturm7q@elpais.com,18644 Grover Avenue,Evansville,Indiana,47725,812-749-6506
280,,Scrivinor,Female,nscrivinor7r@netlog.com,1 Debs Place,Louisville,Kentucky,40220,502-159-7695
281,Piotr,Greguol,Male,pgreguol7s@cornell.edu,8940 Florence Road,Cincinnati,Ohio,45271,513-588-5332
282,Noam,Vaney,Male,nvaney7t@walmart.com,14 Stone Corner Crossing,Chicago,Illinois,60686,312-402-1558
283,Pascal,Archambault,Male,parchambault7u@disqus.com,14198 Melby Terrace,Kansas City,Missouri,64144,816-445-6647
284,Maximilianus,Wilflinger,Male,mwilflinger7v@indiatimes.com,0 Anniversary Park,New Haven,Connecticut,06520,203-245-2581
285,Gay,Wayte,Male,gwayte7w@independent.co.uk,8 Boyd Park,Waterbury,Connecticut,06705,203-345-7398
286,Ardene,Driffill,Female,adriffill7x@unicef.org,277 Red Cloud Circle,Columbia,Missouri,65211,573-587-7695
287,Brooks,Safell,Male,bsafell7y@vkontakte.ru,57154 7th Alley,Salt Lake City,Utah,,801-476-8755
288,Lita,Sreenan,,lsreenan7z@baidu.com,53 Hoffman Street,Richmond,Virginia,23220,804-406-7538
289,Dietrich,Bazely,,dbazely80@fotki.com,10 Mesta Place,Jacksonville,Florida,32220,904-811-5701
290,Sylvan,Myrie,,smyrie81@live.com,,Saint Paul,Minnesota,,651-938-4325
291,Paloma,Pawelski,Female,ppawelski82@vimeo.com,91 Westridge Terrace,Newark,New Jersey,07104,973-964-5895
292,Jamill,Luty,Male,jluty83@google.cn,9 North Drive,Pittsburgh,Pennsylvania,15220,412-389-5482
293,Milly,Tottle,Female,mtottle84@merriam-webster.com,5552 Helena Circle,Columbus,Ohio,43210,614-900-6516
294,Ailis,Cuolahan,Female,acuolahan85@apache.org,,White Plains,New York,,914-441-1649
295,Jere,Engelmann,Female,jengelmann86@mtv.com,48322 Jana Court,,,60435,
296,Steven,Wordsworth,Male,swordsworth87@bravesites.com,885 Judy Place,,,77343,
297,De,Kenninghan,Female,dkenninghan88@flavors.me,5249 Garrison Park,Colorado Springs,Colorado,80930,719-728-6157
298,Pattin,Dryden,Male,pdryden89@npr.org,5425 Kings Center,Washington,District of Columbia,20392,202-337-3948
299,Karel,Brotherton,Female,kbrotherton8a@photobucket.com,9 Meadow Valley Way,,,33175,
300,Base,Caush,Male,bcaush8b@blogger.com,7 Darwin Point,New York City,New York,,212-588-9519
301,Clemmy,Perritt,Male,cperritt8c@msu.edu,7058 Loeprich Center,New York City,New York,10184,212-218-2900
302,Denni,Hritzko,Female,dhritzko8d@sfgate.com,16 Scoville Trail,Charleston,South Carolina,29424,843-888-1547
303,Somerset,Belmont,Male,sbelmont8e@blogger.com,1310 Oakridge Parkway,Athens,Georgia,30605,706-848-0197
304,Cece,Bradberry,Male,cbradberry8f@over-blog.com,72 Eagan Junction,Orlando,Florida,32885,407-356-8013
305,Scott,McConnal,Male,smcconnal8g@biglobe.ne.jp,8 Cascade Parkway,Austin,Texas,78703,512-613-5015
306,Didi,Wisden,Female,dwisden8h@sfgate.com,10 Maywood Center,Los Angeles,California,90045,213-405-2308
307,Salomone,Wyd,Male,swyd8i@technorati.com,28 Morrow Center,Fairfield,Connecticut,06825,203-973-2731
308,Griselda,McKeney,Female,gmckeney8j@examiner.com,01256 Kim Circle,,,70154,
309,Bucky,Waterhous,,bwaterhous8k@latimes.com,26363 Main Alley,Utica,New York,13505,315-849-5619
310,Darsey,Roubert,Female,droubert8l@spiegel.de,651 Menomonie Alley,Huntington,West Virginia,25775,304-890-2404
311,Ashlie,Stelljes,,astelljes8m@123-reg.co.uk,09979 Atwood Parkway,Albany,New York,12262,518-310-2379
312,Heidie,Worsnip,Female,hworsnip8n@stumbleupon.com,954 Lerdahl Park,Palo Alto,California,94302,310-880-7143
313,Odetta,Burnand,Female,oburnand8o@tiny.cc,5650 Northview Street,Baltimore,Maryland,21203,301-357-1597
314,Warde,MacRierie,Male,wmacrierie8p@yellowpages.com,35780 Debs Pass,Milwaukee,Wisconsin,53277,414-173-5884
315,Pepita,Casbourne,Female,pcasbourne8q@clickbank.net,4 East Drive,Monticello,Minnesota,55565,763-251-1310
316,Tabbie,McNish,Female,tmcnish8r@psu.edu,9 Ridge Oak Street,Saint Cloud,Minnesota,56398,320-571-5941
317,Murdoch,Keppel,Male,mkeppel8s@cyberchimps.com,8489 Loeprich Alley,Los Angeles,California,90189,213-473-5100
318,Martynne,Norheny,Female,,8584 Warbler Alley,Orlando,Florida,32859,407-965-8918
319,Wit,Childes,Male,wchildes8u@sohu.com,5 Kropf Avenue,New York City,New York,10280,212-373-8865
320,Lilllie,Akast,Female,,97954 Cascade Junction,,,79116,
321,Zabrina,Leahy,Female,zleahy8w@bloomberg.com,61209 Mallory Lane,Albany,Georgia,31704,229-348-2721
322,Luca,Rennock,Male,lrennock8x@pinterest.com,,Baltimore,Maryland,21282,410-827-8753
323,Cristen,Barrington,Female,cbarrington8y@usnews.com,238 Steensland Alley,Washington,District of Columbia,20599,202-100-6934
324,Bel,Egle,Female,begle8z@shutterfly.com,015 Fulton Street,Houston,Texas,77250,713-150-7716
325,Gustavo,Ellesmere,Male,gellesmere90@pagesperso-orange.fr,04708 School Street,Boca Raton,Florida,,561-483-6818
326,Jesse,Toby,Male,jtoby91@narod.ru,73567 Sullivan Hill,Sandy,Utah,84093,801-590-0869
327,,Brizland,Female,rbrizland92@unc.edu,6178 Brickson Park Street,Anaheim,California,92825,714-396-8373
328,Erny,Cusack,,ecusack93@oakley.com,4 Superior Place,Columbus,Georgia,31998,706-377-4461
329,Akim,Mailes,Male,amailes94@umich.edu,03 Hintze Lane,Largo,Florida,,727-150-6742
330,,Chedgey,,echedgey95@cbsnews.com,4807 Browning Crossing,Atlanta,Georgia,30306,404-982-9432
331,Zelda,Rauprich,Female,zrauprich96@phpbb.com,6 Summit Pass,Arlington,Texas,76004,817-510-4176
332,Milton,Borchardt,,mborchardt97@g.co,2 Marcy Drive,,,79955,
333,Rahel,Halso,,rhalso98@cyberchimps.com,3314 Pierstorff Drive,Houston,Texas,77271,713-953-6940
334,Maude,Readie,Female,mreadie99@oakley.com,7025 Fisk Hill,Vero Beach,Florida,32969,772-184-2996
335,Ernestine,Domanski,Female,edomanski9a@google.com,22 Arkansas Place,Tyler,Texas,75705,903-632-3358
336,Elfrida,Joris,Female,ejoris9b@theatlantic.com,64802 Anniversary Hill,Baltimore,Maryland,21216,410-352-4594
337,Newton,Wolfenden,Male,nwolfenden9c@prlog.org,9 Jackson Circle,Las Vegas,Nevada,89115,702-795-6305
338,,Narramore,Male,tnarramore9d@hp.com,,,,37240,
339,Etienne,Clue,Male,,28383 South Point,Amarillo,Texas,79165,806-256-1218
340,Alwin,Pencott,Male,apencott9f@naver.com,9 Anhalt Center,Louisville,Kentucky,40266,502-383-2994
341,Kaleena,Terzo,,kterzo9g@ed.gov,0 Vernon Place,,,90094,
342,Cross,Deevey,Male,cdeevey9h@blogs.com,0939 Coolidge Way,Indianapolis,Indiana,,317-725-7923
343,Alvan,Dumingos,Male,,2 Swallow Center,Washington,District of Columbia,20525,202-550-3376
344,Janina,Eck,Female,jeck9j@economist.com,04 Di Loreto Way,Norwalk,Connecticut,,203-497-9087
345,Darcy,Armsby,Female,darmsby9k@delicious.com,3352 Memorial Drive,Young America,Minnesota,55564,952-741-8806
346,Lance,Rannells,Male,,,Seattle,Washington,98185,206-722-4964
347,Temple,Habershaw,Male,thabershaw9m@java.com,3 Sage Parkway,Laredo,Texas,78044,956-693-7786
348,Anson,Stolte,Male,astolte9n@mozilla.org,360 Colorado Park,Augusta,Georgia,30919,706-208-8591
349,Cate,Colenutt,Female,ccolenutt9o@hao123.com,9 Valley Edge Plaza,,,,
350,Jordan,Di Francecshi,Female,jdifrancecshi9p@goodreads.com,28983 Lighthouse Bay Pass,Charlottesville,Virginia,,540-614-6998
351,Nealon,Doige,Male,ndoige9q@imgur.com,85 2nd Plaza,Boulder,Colorado,80305,720-455-2561
352,Juan,Eidelman,Male,jeidelman9r@europa.eu,85470 Lukken Place,Washington,District of Columbia,20041,703-132-8490
353,Brooks,Ouslem,Male,bouslem9s@shutterfly.com,666 Mendota Hill,Raleigh,North Carolina,27626,919-661-1458
354,Ursa,Yorke,,uyorke9t@ihg.com,836 Mcbride Hill,Detroit,Michigan,48267,313-539-0798
355,Ewen,Day,Male,eday9u@indiatimes.com,73 Bay Trail,Columbia,South Carolina,29225,803-969-3819
356,Anestassia,Stealey,Female,astealey9v@chicagotribune.com,6649 Meadow Ridge Way,Oceanside,California,92056,760-115-4402
357,Christye,Conechie,Female,cconechie9w@psu.edu,62256 Loeprich Terrace,New Orleans,Louisiana,70116,504-850-8687
358,Susannah,Kennermann,Female,skennermann9x@dion.ne.jp,7 Continental Junction,Pensacola,Florida,32595,850-428-2208
359,Sydney,Watting,Male,swatting9y@marketwatch.com,86 Sachtjen Terrace,,,87140,
360,Adina,Orris,Female,aorris9z@google.cn,29786 Golf Course Avenue,Honolulu,Hawaii,96850,808-538-3802
361,Chaim,Tebbet,Male,ctebbeta0@t-online.de,85 Mayfield Park,Richmond,Virginia,23208,804-246-6733
362,Tadd,Brookshaw,Male,tbrookshawa1@smugmug.com,9594 Bellgrove Street,Reading,Pennsylvania,19610,610-696-2088
363,Gerti,McPaike,Female,gmcpaikea2@typepad.com,648 Melvin Road,Rochester,New York,14683,585-291-4296
364,Jennie,Myhill,Female,jmyhilla3@over-blog.com,90205 Cardinal Junction,Saint Paul,Minnesota,55146,651-617-4227
365,Evin,Kittley,Male,ekittleya4@xrea.com,627 Everett Park,White Plains,New York,10633,845-227-4587
366,Nolana,Tilsley,Female,ntilsleya5@wiley.com,00 Gerald Road,New York City,New York,10060,646-442-4402
367,Nannie,Davidovici,Female,ndavidovicia6@independent.co.uk,3822 Blaine Point,Austin,Texas,78726,512-863-3983
368,,Clayhill,Male,dclayhilla7@google.com.au,31 Parkside Hill,Kansas City,Missouri,,816-491-2837
369,Nikita,Bielfeld,Male,,78 Caliangt Crossing,Newport News,Virginia,23605,757-464-2864
370,Yankee,Tomalin,Male,ytomalina9@pbs.org,34 Prairieview Alley,Norwalk,Connecticut,06854,203-134-4301
371,Aloysia,Jorden,Female,ajordenaa@imageshack.us,2553 Sloan Avenue,Richmond,California,94807,510-881-3386
372,Andriette,Itzak,Female,aitzakab@cocolog-nifty.com,02 Chive Terrace,San Francisco,California,94132,415-360-4467
373,Morna,Colwill,Female,mcolwillac@merriam-webster.com,3 Hoepker Lane,New York City,New York,10160,212-249-4035
374,,Stibbs,Female,estibbsad@tinypic.com,5 Golden Leaf Crossing,Washington,District of Columbia,20310,202-719-3552
375,Juana,Bellini,Female,jbelliniae@hubpages.com,13 Loomis Way,Silver Spring,Maryland,20904,240-889-8881
376,Charleen,Abbey,Female,cabbeyaf@tinypic.com,2925 Grim Junction,Boulder,Colorado,80305,720-499-8011
377,Harbert,Maylard,Male,hmaylardag@ifeng.com,9999 Sachtjen Way,Santa Ana,California,92725,714-322-7243
378,Rafe,Mehew,Male,rmehewah@ycombinator.com,90003 Armistice Lane,Naples,Florida,33963,239-551-7206
379,Hope,Pavolini,Female,hpavoliniai@un.org,7603 Riverside Park,Los Angeles,California,,213-134-8042
380,Rosa,Krauze,Female,rkrauzeaj@mysql.com,12085 Florence Circle,Chico,California,95973,530-108-5386
381,Chrysa,Ropp,Female,croppak@dion.ne.jp,74 Mayfield Park,North Little Rock,Arkansas,72199,501-222-1439
382,Gram,Philippon,Male,gphilipponal@hao123.com,54240 Schmedeman Junction,Miami,Florida,33169,954-967-6974
383,Sharyl,Treece,Female,streeceam@timesonline.co.uk,,Orlando,Florida,32803,321-287-2260
384,Kassandra,Bradberry,Female,kbradberryan@skyrock.com,82890 Sutteridge Circle,Santa Fe,New Mexico,87505,505-673-3600
385,Marice,Stirton,Female,mstirtonao@geocities.jp,95361 Veith Trail,Atlanta,Georgia,30323,770-234-4313
386,Pierce,Laguerre,Male,plaguerreap@last.fm,40 Luster Court,,,10039,
387,Vita,Ianizzi,Female,vianizziaq@github.io,7433 Orin Terrace,,,37240,
388,Kalle,Gumn,Male,kgumnar@stumbleupon.com,63850 Eastlawn Hill,Austin,Texas,78759,512-296-7326
389,Whitman,Rodge,,wrodgeas@dyndns.org,1359 Ryan Pass,Reno,Nevada,89595,775-312-7681
390,Torrie,Fontel,Female,tfontelat@salon.com,0 Artisan Lane,Detroit,Michigan,48211,586-248-5568
391,Violet,Gorick,Female,vgorickau@unc.edu,,Fairfax,Virginia,,571-377-0813
392,Aluin,Pegram,Male,apegramav@cloudflare.com,29812 Kipling Alley,San Francisco,California,94159,415-736-1589
393,Alard,Alner,Male,aalneraw@walmart.com,8176 Schurz Way,Tucson,Arizona,,520-240-9091
394,Dannye,Duckham,Female,dduckhamax@desdev.cn,3 Tennyson Avenue,Vancouver,Washington,98682,360-790-0655
395,Rudyard,MacFaell,Male,rmacfaellay@nih.gov,,Phoenix,Arizona,85062,602-931-1653
396,Van,Geelan,Male,,4976 Hintze Lane,Washington,District of Columbia,20073,202-494-0299
397,Lea,Minear,,lminearb0@list-manage.com,20 Eagan Way,Fort Myers,Florida,,239-330-6718
398,,Crimes,Male,kcrimesb1@google.de,05 Prairieview Way,Houston,Texas,77025,832-791-3330
399,Tony,Rapp,,trappb2@state.gov,681 Anhalt Park,Hartford,Connecticut,06160,860-964-9885
400,Brett,Arnould,Male,barnouldb3@businessinsider.com,27 Bobwhite Terrace,Tulsa,Oklahoma,74103,918-130-1227
401,Flossy,Beddis,Female,fbeddisb4@4shared.com,30105 Graceland Terrace,Grand Rapids,Michigan,49505,616-869-0909
402,Butch,Paulou,Male,bpauloub5@deliciousdays.com,87 Gerald Terrace,Newton,Massachusetts,02162,508-111-1692
403,Barbe,Jenson,Female,bjensonb6@state.tx.us,,Woburn,Massachusetts,01813,339-787-9392
404,Donielle,Jinkin,Female,djinkinb7@technorati.com,,Spokane,Washington,99220,509-858-5854
405,Cirilo,Hatchett,Male,chatchettb8@cbc.ca,196 West Center,El Paso,Texas,79905,915-940-8119
406,Birgitta,Tiery,Female,btieryb9@tamu.edu,3 Bobwhite Hill,Las Vegas,Nevada,89105,702-916-8373
407,Delphine,Ksandra,Female,dksandraba@weather.com,28071 1st Alley,Fort Worth,Texas,76178,682-959-1310
408,Chaunce,Filip,Male,cfilipbb@gmpg.org,4 Drewry Center,Washington,District of Columbia,20067,202-583-2061
409,Orella,Behrend,Female,obehrendbc@tuttocitta.it,2 Dorton Center,Houston,Texas,77070,832-915-4533
410,Nicolle,Colin,Female,ncolinbd@tripod.com,0615 Maywood Place,Denver,Colorado,,303-819-4957
411,Man,Binne,,,41 Iowa Crossing,San Francisco,California,94137,415-794-3249
412,Rebe,Male,Female,rmalebf@dion.ne.jp,98 Bultman Center,Santa Fe,New Mexico,87592,505-514-0568
413,,Jakubovics,Female,ejakubovicsbg@seattletimes.com,1 Dakota Lane,Tampa,Florida,33673,813-158-8100
414,Norine,Gouny,Female,ngounybh@unblog.fr,27 Graedel Alley,Chandler,Arizona,85246,602-758-4037
415,Zulema,Maitland,Female,zmaitlandbi@canalblog.com,90521 Miller Pass,Tampa,Florida,33633,813-358-6536
416,Thane,Helder,Male,thelderbj@illinois.edu,0979 Welch Center,Hampton,Virginia,,757-935-6066
417,Connor,Bygate,Male,cbygatebk@slashdot.org,2 Kensington Avenue,Memphis,Tennessee,38143,901-614-2613
418,Laetitia,I'anson,Female,liansonbl@ask.com,,Long Beach,California,90840,562-499-8431
419,Ricard,Itzkovwich,Male,,,New York City,New York,10105,212-236-1431
420,Kizzie,Dowty,Female,kdowtybn@techcrunch.com,9 Tony Hill,Minneapolis,Minnesota,55470,612-708-3474
421,Leroy,Glencross,Male,lglencrossbo@networkadvertising.org,9 Forest Avenue,Buffalo,New York,14210,716-904-7876
422,Rodolphe,Flay,Male,rflaybp@youtu.be,9 Maywood Trail,Virginia Beach,Virginia,23464,757-637-1328
423,Camilla,Notley,,cnotleybq@tripod.com,,Cincinnati,Ohio,45999,513-706-6762
424,Miller,Bediss,Male,mbedissbr@cocolog-nifty.com,79323 Ridgeway Junction,,,77343,
425,Thane,Scholl,Male,tschollbs@pcworld.com,,Miami,Florida,33190,305-253-6583
426,Dal,Swyne,Male,dswynebt@washington.edu,441 Amoth Lane,Fort Lauderdale,Florida,33325,954-827-9750
427,Giulia,Chismon,Female,gchismonbu@theguardian.com,,Portsmouth,New Hampshire,03804,603-884-3087
428,Lindie,Kelledy,Female,lkelledybv@slideshare.net,0307 Waywood Way,Houston,Texas,77255,713-123-8311
429,Dacey,Malia,Female,dmaliabw@un.org,59059 Graceland Plaza,Sarasota,Florida,34276,941-947-1944
430,Vernon,Rippen,,vrippenbx@msu.edu,4 Hoard Avenue,New York City,New York,10175,212-984-9567
431,Gianni,Newsome,Male,gnewsomeby@livejournal.com,9276 Prairie Rose Way,Washington,District of Columbia,20530,202-806-2317
432,Dore,Burne,Male,dburnebz@slideshare.net,5109 Texas Place,New York City,New York,10045,212-246-4426
433,Timofei,Petry,Male,tpetryc0@dagondesign.com,1350 Scoville Avenue,Van Nuys,California,91406,805-274-7873
434,Hurleigh,Bum,,hbumc1@tinyurl.com,38 Banding Trail,Augusta,Georgia,30905,706-146-5906
435,Waite,Merida,Male,wmeridac2@nih.gov,54894 Kingsford Hill,Birmingham,Alabama,35215,205-820-5261
436,Rollins,Faldo,Male,rfaldoc3@netvibes.com,55 Green Ridge Place,Atlanta,Georgia,30356,404-582-0244
437,Torre,Scarrisbrick,Male,,940 Messerschmidt Drive,Houston,Texas,77299,713-558-6162
438,Arlen,Swan,Male,aswanc5@wikispaces.com,,,,55423,
439,Eddi,Aguilar,Female,eaguilarc6@e-recht24.de,,Fort Worth,Texas,76134,817-247-5364
440,Janifer,Blaes,Female,jblaesc7@123-reg.co.uk,185 Warrior Avenue,Fort Worth,Texas,76115,682-875-8804
441,Trumaine,Marcos,Male,tmarcosc8@hatena.ne.jp,3 Grover Alley,Charlotte,North Carolina,28284,704-281-5335
442,Felice,Scalia,Male,fscaliac9@ibm.com,60 Cambridge Road,Washington,District of Columbia,20370,202-301-7802
443,Peterus,Matthewes,Male,pmatthewesca@bbc.co.uk,9 Hermina Way,Austin,Texas,78726,512-757-4776
444,Cob,Gillcrist,Male,cgillcristcb@nytimes.com,1164 Heffernan Way,Portland,Oregon,97216,503-697-5568
445,Aline,Castagnaro,Female,acastagnarocc@fc2.com,5801 Maryland Avenue,Stockton,California,95205,209-790-3520
446,Raimund,Franciotti,Male,rfranciotticd@cbc.ca,868 Sachs Trail,San Diego,California,92160,619-633-4012
447,Amby,Golda,,agoldace@noaa.gov,1847 Upham Point,Beaverton,Oregon,97075,503-918-2212
448,Marcelo,Danbi,Male,mdanbicf@amazonaws.com,64199 Garrison Parkway,,,46614,
449,Karna,Catlin,Female,kcatlincg@uol.com.br,9198 Vidon Pass,Pocatello,Idaho,83206,208-350-0752
450,Loni,Gerling,Female,,,Torrance,California,90510,818-173-5811
451,Gisele,Lanfear,Female,glanfearci@yellowpages.com,44 Dottie Way,Minneapolis,Minnesota,55480,612-677-2606
452,Reuven,Lerven,Male,rlervencj@go.com,1 Ilene Trail,Mobile,Alabama,36616,251-857-1604
453,Everett,Nassie,Male,enassieck@shop-pro.jp,2 Cascade Drive,Los Angeles,California,90040,760-878-3708
454,Rudyard,Penas,Male,rpenascl@netlog.com,36 6th Junction,Reston,Virginia,20195,703-370-2662
455,Jessamine,Astupenas,Female,jastupenascm@plala.or.jp,1754 Corben Terrace,Los Angeles,California,90081,213-828-9826
456,Teressa,Gerrell,Female,tgerrellcn@soup.io,1012 La Follette Terrace,Sacramento,California,94297,916-856-3564
457,Fidela,Shaddock,Female,fshaddockco@github.io,00 Hintze Plaza,Birmingham,Alabama,35295,205-481-8721
458,Davin,Pirozzi,Male,dpirozzicp@ask.com,9934 Pankratz Plaza,,,35254,
459,Mirabelle,Raraty,Female,mraratycq@mozilla.org,8 Nancy Place,Wilkes Barre,Pennsylvania,18763,570-296-2539
460,Fionna,Abad,Female,fabadcr@amazon.de,3 Ohio Way,Tuscaloosa,Alabama,35405,205-193-5519
461,Andriette,Jackman,Female,ajackmancs@goo.gl,20774 Farmco Terrace,Phoenix,Arizona,85035,602-936-4828
462,Gregory,,,goreaganct@ezinearticles.com,91 Tennessee Trail,Washington,District of Columbia,20525,202-833-3705
463,Ulrich,Rennels,,urennelscu@arizona.edu,3616 Daystar Crossing,Richmond,Virginia,23225,540-895-9896
464,Astrix,Swigger,Female,aswiggercv@ucsd.edu,37989 Grover Court,,,99260,
465,Aurore,Finicj,Female,afinicjcw@stumbleupon.com,1 Golf Course Center,Fort Myers,Florida,33913,239-436-9463
466,Tyrone,Pillman,Male,tpillmancx@loc.gov,3069 Miller Circle,Miami,Florida,,305-194-8372
467,Margette,Whelpdale,,mwhelpdalecy@biglobe.ne.jp,92837 Ludington Terrace,Ridgely,Maryland,21684,410-604-5602
468,Vevay,Cannop,Female,,30873 Canary Terrace,San Jose,California,95123,408-218-9679
469,Malchy,Belfit,Male,mbelfitd0@loc.gov,2 Ridgeview Alley,Portland,Oregon,,503-392-8229
470,Padgett,Cracoe,Male,pcracoed1@about.com,1 Anthes Alley,Las Cruces,New Mexico,88006,505-438-6199
471,Eve,,Female,epersittd2@twitter.com,3876 Schurz Avenue,Schaumburg,Illinois,60193,847-717-5089
472,Ladonna,Malser,Female,lmalserd3@free.fr,3908 South Circle,Texarkana,Texas,75507,903-365-0095
473,,Badam,,bbadamd4@reverbnation.com,,,,80291,
474,Cami,Marke,Female,cmarked5@ucoz.com,,Huntsville,Alabama,35815,256-838-4075
475,Lanna,Thirtle,Female,lthirtled6@google.ru,35 Killdeer Way,,,33153,
476,Lorine,Lidgate,Female,llidgated7@oaic.gov.au,695 Sherman Point,Washington,District of Columbia,20380,202-953-5199
477,Karie,Thorlby,Female,kthorlbyd8@prlog.org,1 Bluejay Pass,Charleston,West Virginia,25356,304-886-0200
478,,Pawelec,Male,apawelecd9@usatoday.com,7 Dryden Crossing,Chico,California,95973,916-949-5473
479,Christal,Petchey,Female,cpetcheyda@google.it,,Salem,Oregon,97312,971-858-8619
480,Deanna,Mahody,,dmahodydb@squarespace.com,204 Nevada Junction,Chicago,Illinois,60657,312-273-2337
481,Keane,Penreth,Male,kpenrethdc@nifty.com,8 Buhler Avenue,Sacramento,California,94250,916-341-0349
482,Kirk,Dockrill,Male,kdockrilldd@godaddy.com,5303 Warner Hill,Grand Rapids,Michigan,49544,616-189-2368
483,Karim,Pighills,Male,kpighillsde@cisco.com,5 Scofield Circle,San Angelo,Texas,76905,325-245-2010
484,Lynde,Standish,Female,lstandishdf@deliciousdays.com,93 Talmadge Center,Annapolis,Maryland,21405,443-414-2681
485,Rudolfo,Braxton,Male,rbraxtondg@qq.com,6 Pleasure Point,Mansfield,Ohio,44905,419-801-3342
486,Viviyan,Vasyukhin,Female,vvasyukhindh@about.com,307 Heath Center,Winston Salem,North Carolina,27116,336-742-6885
487,Deny,Dielhenn,Female,ddielhenndi@wix.com,1 Dexter Plaza,Sioux City,Iowa,51105,712-966-6985
488,Helsa,Solomonides,Female,hsolomonidesdj@un.org,,Pasadena,California,91117,626-851-8169
489,Celie,Jeroch,,cjerochdk@freewebs.com,514 Canary Parkway,Washington,District of Columbia,20220,202-555-6259
490,Ferd,Liddall,Male,fliddalldl@homestead.com,95975 Crescent Oaks Terrace,,,19136,
491,Maje,Swenson,Male,mswensondm@live.com,186 Sheridan Drive,Albuquerque,New Mexico,87121,505-108-8206
492,Hubey,Saffill,Male,hsaffilldn@parallels.com,94 Schurz Park,Little Rock,Arkansas,,501-638-4039
493,Clevey,Fearns,Male,cfearnsdo@desdev.cn,4834 Browning Junction,Houston,Texas,77030,281-193-1024
494,Blinny,Buckie,Female,bbuckiedp@so-net.ne.jp,14913 Norway Maple Court,Sparks,Nevada,89436,775-149-3953
495,,Chalcroft,Female,kchalcroftdq@npr.org,96360 Village Road,Philadelphia,Pennsylvania,19151,215-759-8073
496,Englebert,Madeley,Male,emadeleydr@illinois.edu,62 Calypso Parkway,,,32813,
497,Lona,Absalom,Female,labsalomds@seattletimes.com,,Redwood City,California,94064,650-312-5638
498,Georas,Endle,Male,gendledt@seesaa.net,,Boise,Idaho,83727,208-669-6488
499,Huntlee,Mapplebeck,Male,hmapplebeckdu@tinypic.com,,Austin,Texas,78715,512-108-9234
500,Puff,Puddin,,,3804 Fairfield Junction,Grand Rapids,Michigan,49560,616-285-2808
501,Abbie,Dillimore,Male,adillimoredw@friendfeed.com,79777 Hazelcrest Park,Buffalo,New York,14225,716-958-0253
502,Julianna,Searby,Female,jsearbydx@globo.com,6 Sommers Drive,San Francisco,California,94132,415-248-4647
503,Caron,Hallatt,Female,challattdy@spiegel.de,07 Ridgeway Road,Spokane,Washington,99252,509-103-2454
504,Bernelle,Kusick,Female,,25 Johnson Center,Grand Rapids,Michigan,49510,616-608-2105
505,Cristabel,Foystone,Female,cfoystonee0@ox.ac.uk,98355 Haas Circle,Pittsburgh,Pennsylvania,15240,412-968-3209
506,Fran,Remmers,Male,fremmerse1@people.com.cn,9703 Packers Pass,Riverside,California,92519,951-557-4055
507,Bevvy,Gillion,Female,bgillione2@facebook.com,09 Crowley Hill,Portland,Oregon,97206,503-129-6769
508,Rene,Ould,Female,roulde3@hao123.com,6 Waywood Terrace,Sacramento,California,94230,916-528-8553
509,Hill,Henri,Male,hhenrie4@mlb.com,,Oklahoma City,Oklahoma,73167,405-147-1517
510,Rebekah,Westraw,Female,rwestrawe5@vinaora.com,2 Bultman Center,Gilbert,Arizona,85297,480-119-9599
511,Flemming,McArtan,Male,fmcartane6@sun.com,661 Warrior Way,Spokane,Washington,99215,509-601-9288
512,,Szymanski,Female,zszymanskie7@si.edu,95 Elgar Point,Las Vegas,Nevada,89166,702-321-3166
513,Tobit,Ottiwill,Male,tottiwille8@fastcompany.com,74 Maple Wood Hill,Greeley,Colorado,,970-207-8011
514,Basil,Tother,Male,btothere9@tuttocitta.it,61946 Cambridge Terrace,Chicago,Illinois,,312-574-4676
515,,Link,Female,,73583 Roth Drive,Valley Forge,Pennsylvania,19495,484-184-4280
516,Somerset,Runnalls,Male,srunnallseb@usatoday.com,3 Vernon Pass,Fairfield,Connecticut,06825,203-123-5430
517,Ernestus,Blackborow,Male,eblackborowec@comcast.net,80860 Bay Court,Pueblo,Colorado,81005,719-195-8067
518,Trent,Gariff,Male,tgariffed@sohu.com,342 Roxbury Pass,Miami,Florida,33180,786-969-5474
519,Frederic,Rewcassell,,frewcassellee@shop-pro.jp,2 Kenwood Plaza,Arlington,Texas,76011,817-193-2467
520,Bruno,Kilius,Male,bkiliusef@naver.com,912 Vahlen Park,,,20910,
521,Marj,Dominico,Female,mdominicoeg@feedburner.com,5133 Gina Pass,Birmingham,Alabama,35225,205-194-8161
522,Yankee,Capaldi,Male,ycapaldieh@over-blog.com,3 Hermina Street,,,63121,
523,Pattie,Ducrow,Female,pducrowei@printfriendly.com,61 Quincy Park,Washington,District of Columbia,20337,202-362-6783
524,Graeme,Butchard,,gbutchardej@uiuc.edu,582 Nova Road,Dallas,Texas,75260,214-803-6411
525,Vally,Tenwick,Female,vtenwickek@cnbc.com,83 Maple Street,Springfield,Illinois,62794,217-856-8480
526,Lucie,Anshell,Female,lanshellel@bloomberg.com,6 Lighthouse Bay Park,Saint Paul,Minnesota,55127,612-782-5921
527,Xylina,Denis,,xdenisem@soundcloud.com,,Suffolk,Virginia,,757-589-2855
528,Anallese,Goshawk,Female,agoshawken@51.la,34496 Rowland Hill,Washington,District of Columbia,20551,202-898-1537
529,Blair,Davitt,Male,,967 Bay Crossing,Harrisburg,Pennsylvania,17121,717-207-9169
530,Rebe,Hitscher,Female,rhitscherep@fema.gov,80404 Derek Avenue,,,94142,
531,Zuzana,Spohr,Female,zspohreq@joomla.org,13104 Shelley Alley,West Palm Beach,Florida,33405,772-652-9843
532,Sascha,O'Keaveny,Female,sokeavenyer@cam.ac.uk,39 Chive Avenue,Salt Lake City,Utah,84170,801-370-4953
533,Elwood,,Male,ehutchingses@geocities.com,7865 Spohn Road,Louisville,Kentucky,40293,502-219-7292
534,Nat,Coleshill,Male,ncoleshillet@sogou.com,35645 Moulton Circle,Minneapolis,Minnesota,55446,763-702-9672
535,Cortney,Lerven,Female,clerveneu@123-reg.co.uk,277 Dakota Pass,Miami,Florida,33153,786-587-5767
536,Jamison,Soppett,Male,jsoppettev@surveymonkey.com,128 Nobel Point,Jacksonville,Florida,32244,904-382-8896
537,Kimble,Prandini,,kprandiniew@ucoz.com,04 Shelley Trail,Jacksonville,Florida,32215,904-447-1676
538,Gayler,Emmott,Male,gemmottex@histats.com,1147 Green Lane,New York City,New York,10203,212-344-6866
539,Giustino,Dollen,Male,gdolleney@wiley.com,344 Bayside Point,Saint Louis,Missouri,63116,314-801-3845
540,Marcelle,Jeeves,Female,mjeevesez@com.com,534 Basil Way,Jamaica,New York,11436,917-489-3549
541,Ilyssa,Davenhall,Female,idavenhallf0@mayoclinic.com,65825 Chive Hill,Cincinnati,Ohio,45243,513-280-8729
542,Lynnet,Rosling,Female,lroslingf1@google.ru,6 Judy Center,West Palm Beach,Florida,33416,561-988-7948
543,Brigitta,Youle,Female,byoulef2@blog.com,14 Riverside Court,Bakersfield,California,93386,661-333-8002
544,Phillipp,Cow,,pcowf3@icio.us,685 Prentice Pass,,,33811,
545,Sybille,Fessier,Female,sfessierf4@admin.ch,,San Francisco,California,94105,510-896-2588
546,Artemis,Donavan,Male,,44544 Pond Lane,Honolulu,Hawaii,96835,808-486-1514
547,Kristal,Allsupp,Female,kallsuppf6@blogger.com,35008 Talisman Place,Springfield,Massachusetts,01152,413-553-6272
548,Dur,Taill,Male,dtaillf7@adobe.com,798 South Lane,Appleton,Wisconsin,,920-446-0150
549,Chantalle,Phillipp,Female,,0563 Pawling Park,Boca Raton,Florida,33499,561-645-0787
550,Dorelle,Grabert,,dgrabertf9@pagesperso-orange.fr,045 Service Pass,Miami,Florida,33142,305-597-5615
551,Madison,Galley,Male,mgalleyfa@spiegel.de,8854 Vernon Alley,,,80241,
552,Luise,Naulty,Female,lnaultyfb@sciencedaily.com,,New York City,New York,10292,212-775-8308
553,Pryce,Lavallie,Male,plavalliefc@xinhuanet.com,988 Pepper Wood Road,Des Moines,Iowa,50347,515-191-6537
554,Emily,Sate,Female,esatefd@unicef.org,7811 Talmadge Point,New York City,New York,10045,212-272-2773
555,Lowell,Druett,Male,ldruettfe@xinhuanet.com,524 Farmco Avenue,Richmond,Virginia,23272,804-795-5043
556,Addy,Vears,Male,avearsff@amazon.com,8499 Sullivan Drive,Buffalo,New York,14210,716-557-0350
557,Skippy,Cockran,,scockranfg@microsoft.com,95 Pond Street,,,85246,
558,Margery,Brislawn,Female,mbrislawnfh@cisco.com,24377 Thompson Point,Tucson,Arizona,85705,520-821-5509
559,Suzy,O'Sharkey,Female,sosharkeyfi@auda.org.au,5410 Roxbury Way,Saint Joseph,Missouri,64504,816-559-4729
560,Sayre,Folds,,sfoldsfj@cdc.gov,281 Browning Lane,,,60567,
561,Reeva,Lasty,,,3573 Bunker Hill Pass,Delray Beach,Florida,33448,561-816-0394
562,Husein,Branscomb,Male,hbranscombfl@google.com.au,452 Londonderry Plaza,Vienna,Virginia,,571-195-5251
563,Florance,Grevile,Female,fgrevilefm@squarespace.com,830 School Alley,Fort Smith,Arkansas,72905,479-336-1189
564,Wilhelmine,Perri,Female,wperrifn@themeforest.net,9129 Iowa Plaza,Denver,Colorado,80209,720-371-4698
565,Sybila,Suttie,Female,ssuttiefo@cnbc.com,8 Drewry Crossing,Houston,Texas,77281,713-931-1097
566,Bobbe,Johnys,,bjohnysfp@ow.ly,18085 Briar Crest Way,Valdosta,Georgia,31605,229-822-2714
567,Blancha,Lemarie,Female,blemariefq@wordpress.org,03254 Atwood Place,Raleigh,North Carolina,27658,919-959-4025
568,Redd,Rookeby,Male,rrookebyfr@nydailynews.com,1 Schmedeman Hill,Chicago,Illinois,60681,312-955-1916
569,Gleda,Lechelle,,glechellefs@google.com.hk,4147 Oak Valley Hill,Washington,District of Columbia,20215,202-104-0447
570,,Dorken,,jdorkenft@clickbank.net,,Atlanta,Georgia,30301,404-724-4057
571,Annecorinne,Lunbech,Female,alunbechfu@dropbox.com,017 Clyde Gallagher Lane,Oklahoma City,Oklahoma,73135,405-145-2194
572,Nora,Milmith,Female,nmilmithfv@wsj.com,7 Dwight Terrace,,,77386,
573,Flori,Cassedy,Female,fcassedyfw@cdbaby.com,36 Gale Point,,,02472,
574,Belita,Sleith,Female,bsleithfx@theguardian.com,26 Holmberg Road,Sacramento,California,94297,916-655-8360
575,Herb,Gozney,,hgozneyfy@flickr.com,57724 Crescent Oaks Hill,Topeka,Kansas,66606,785-886-0010
576,Corbin,Pickworth,Male,cpickworthfz@bizjournals.com,4 Main Way,Shreveport,Louisiana,71137,318-806-4286
577,,Kalinovich,Female,hkalinovichg0@uol.com.br,90286 Lien Avenue,Birmingham,Alabama,35290,205-161-6710
578,Darb,Cribbins,Female,dcribbinsg1@deviantart.com,27835 Bartillon Lane,Pasadena,California,91131,626-789-3594
579,Lindy,Kordova,,lkordovag2@chron.com,146 Carberry Alley,Richmond,Virginia,23260,804-806-0045
580,Hanan,Pluvier,Male,hpluvierg3@gmpg.org,,Cleveland,Ohio,44118,216-353-7155
581,Eustacia,Finnimore,Female,efinnimoreg4@cdc.gov,238 Red Cloud Plaza,Vienna,Virginia,22184,571-594-6750
582,Natasha,Anglish,Female,nanglishg5@creativecommons.org,8222 Clyde Gallagher Park,New Orleans,Louisiana,70154,504-216-9816
583,,Gudgeon,Female,kgudgeong6@technorati.com,91290 Grim Trail,Arlington,Virginia,22217,571-648-2442
584,Kliment,Tapscott,Male,ktapscottg7@seattletimes.com,46 Arkansas Center,Savannah,Georgia,31405,912-676-8637
585,Royce,Boldt,Male,rboldtg8@com.com,,Louisville,Kentucky,,502-560-1498
586,Costa,Took,Male,ctookg9@mac.com,3747 Del Sol Place,Muncie,Indiana,47306,765-786-7638
587,Abbe,Faircliff,Female,afaircliffga@altervista.org,1 Colorado Circle,,,33185,
588,Sofia,Doyle,Female,sdoylegb@csmonitor.com,86613 Blackbird Lane,Fairbanks,Alaska,,907-515-8056
589,Nikolos,Tolle,Male,ntollegc@yale.edu,23130 Park Meadow Drive,Minneapolis,Minnesota,55446,612-497-7585
590,Jinny,Savary,Female,jsavarygd@spiegel.de,08 Ludington Point,,,75287,
591,Theo,Cisson,Female,tcissonge@elegantthemes.com,51 Oneill Terrace,Portland,Oregon,97255,971-196-6107
592,Bentley,Riedel,Male,briedelgf@alibaba.com,56 Tennyson Avenue,Norfolk,Virginia,23514,757-452-0164
593,Anson,Hovington,Male,ahovingtongg@dedecms.com,9310 Trailsway Place,Carson City,Nevada,,775-484-2322
594,Inglebert,Luker,Male,ilukergh@thetimes.co.uk,1 Tony Terrace,Springfield,Illinois,62705,217-995-6230
595,Ardath,Elkin,,aelkingi@intel.com,229 Pleasure Circle,Santa Cruz,California,95064,831-700-4205
596,Hedda,Boltwood,Female,hboltwoodgj@census.gov,26 Becker Trail,Des Moines,Iowa,,515-304-2026
597,Gusty,Plows,Female,gplowsgk@zimbio.com,8180 Helena Center,Saginaw,Michigan,48604,989-898-4736
598,Theodor,Stelfox,Male,tstelfoxgl@globo.com,28067 Cottonwood Road,Columbus,Ohio,43215,614-549-0324
599,Janifer,Northern,Female,jnortherngm@amazon.co.uk,7 Paget Drive,Newark,New Jersey,07104,973-381-5045
600,Stanfield,Duval,Male,sduvalgn@mlb.com,36455 Myrtle Park,Woburn,Massachusetts,,339-852-9381
601,Eward,Uc,Male,eucgo@cam.ac.uk,99213 Veith Way,,,78291,
602,Sebastiano,Bestwall,Male,sbestwallgp@hibu.com,8 Kings Parkway,Newport News,Virginia,23612,757-113-1512
603,Isahella,Carlin,Female,icarlingq@ucla.edu,5916 Southridge Court,Carson City,Nevada,89714,775-691-6554
604,Antonia,Wilden,Female,awildengr@jiathis.com,60980 Starling Point,Huntington,West Virginia,25709,304-471-7833
605,Brandice,Chatteris,,bchatterisgs@admin.ch,9 Little Fleur Center,Dallas,Texas,75205,214-878-5320
606,Irene,Shoorbrooke,Female,ishoorbrookegt@upenn.edu,,Boulder,Colorado,,720-892-1592
607,Jarid,Gegay,Male,jgegaygu@cnn.com,327 Washington Lane,,,10150,
608,Bili,Drysdale,Female,bdrysdalegv@senate.gov,40 Carey Hill,San Antonio,Texas,78235,210-344-1102
609,Katie,Roseborough,Female,kroseboroughgw@cam.ac.uk,63690 Sugar Pass,,,70033,
610,Inglis,Hughs,,ihughsgx@usatoday.com,18812 Northfield Place,Austin,Texas,78759,512-684-5837
611,Tommie,Elbourn,Male,telbourngy@ucoz.ru,9 Glendale Road,Los Angeles,California,90094,323-656-4706
612,Joseph,Rosthorn,Male,jrosthorngz@squidoo.com,1809 Melody Center,,,,
613,Myrilla,Dancer,Female,mdancerh0@discovery.com,1 Leroy Street,Houston,Texas,77266,832-647-8030
614,Cornelia,O'Currine,Female,cocurrineh1@about.com,885 Bashford Trail,Richmond,Virginia,23208,804-859-5236
615,Giulio,Bootherstone,Male,gbootherstoneh2@netlog.com,9473 Dapin Place,Paterson,New Jersey,,862-769-4006
616,Armin,Rollason,Male,arollasonh3@bizjournals.com,300 Colorado Parkway,New Orleans,Louisiana,70124,504-999-8958
617,Sherlock,Searle,Male,ssearleh4@bluehost.com,9 Northview Way,Dulles,Virginia,20189,571-831-0594
618,Mac,McCullagh,Male,mmccullaghh5@ucoz.ru,30 Cody Place,Columbus,Ohio,43220,614-180-9856
619,Brynne,Entwisle,Female,bentwisleh6@ow.ly,7917 Knutson Crossing,Washington,District of Columbia,20046,202-206-2685
620,Trisha,McGifford,Female,tmcgiffordh7@indiatimes.com,1 West Street,Alhambra,California,91841,626-181-7030
621,Layney,Kleszinski,Female,lkleszinskih8@google.nl,6 Maryland Point,Punta Gorda,Florida,33982,941-221-6538
622,Ibby,Nutman,Female,inutmanh9@house.gov,84 Eastwood Drive,Amarillo,Texas,79171,806-815-8714
623,Quinn,Wake,Male,qwakeha@newsvine.com,4041 Hazelcrest Avenue,Irvine,California,92717,714-218-2635
624,Alicia,Swigger,Female,aswiggerhb@microsoft.com,,Rochester,New York,14683,585-661-1207
625,Meridith,Voysey,Female,mvoyseyhc@rakuten.co.jp,3454 Hooker Drive,Fort Smith,Arkansas,72905,479-659-2762
626,Raven,MacMurray,Female,rmacmurrayhd@storify.com,403 Gerald Plaza,Jackson,Mississippi,39210,601-414-3569
627,Tamra,Mebes,Female,tmebeshe@businessweek.com,,Charlotte,North Carolina,28225,704-411-3714
628,Kenon,Bloxland,Male,kbloxlandhf@deliciousdays.com,14 Burrows Hill,Racine,Wisconsin,,262-840-3789
629,Gustavo,Kivelhan,Male,gkivelhanhg@smh.com.au,79103 Mandrake Court,Long Beach,California,,562-700-3621
630,Carma,Takis,Female,ctakishh@google.nl,854 Meadow Valley Road,,,19146,
631,Gradeigh,Balsdon,,gbalsdonhi@ucoz.ru,55 Drewry Terrace,Huntington Beach,California,92648,714-494-3085
632,Clarance,Winman,Male,cwinmanhj@biblegateway.com,709 Dorton Trail,,,44511,
633,Ahmed,Terzza,Male,aterzzahk@java.com,5078 Bashford Hill,Lakeland,Florida,33811,863-929-3667
634,Vitia,Orrow,Female,vorrowhl@nsw.gov.au,,Roanoke,Virginia,24009,540-835-2732
635,Ofella,Vasyunin,Female,ovasyuninhm@360.cn,6 Bartelt Drive,Charleston,West Virginia,25389,304-774-9283
636,Langsdon,Dwelley,,ldwelleyhn@w3.org,32485 Miller Place,,,30368,
637,Hubie,Gwillim,Male,hgwillimho@angelfire.com,83 Merchant Drive,Largo,Florida,33777,727-453-2640
638,Kendricks,Bidwell,,kbidwellhp@goo.ne.jp,38630 Cambridge Point,Fort Myers,Florida,33906,239-711-1987
639,Ethe,Bestiman,,ebestimanhq@google.ca,94 Claremont Lane,Houston,Texas,77065,832-719-8176
640,Midge,Athelstan,Female,mathelstanhr@webeden.co.uk,6 Moland Plaza,Los Angeles,California,90094,323-371-9776
641,Star,Dicke,Female,sdickehs@google.ca,41384 Sugar Trail,Myrtle Beach,South Carolina,29579,843-751-5802
642,Florian,Lamperd,Male,flamperdht@cargocollective.com,566 Gina Road,Huntington,West Virginia,25775,304-340-4656
643,Tome,,Male,taugiehu@jugem.jp,2 Bunting Street,New York City,New York,10039,917-758-7992
644,Ilise,Pietrasik,Female,ipietrasikhv@woothemes.com,717 Crest Line Trail,Tulsa,Oklahoma,74116,918-257-4924
645,Lurleen,Hambelton,Female,lhambeltonhw@howstuffworks.com,036 Lighthouse Bay Plaza,Saint Cloud,Minnesota,56372,320-893-0990
646,,Eisenberg,Female,ceisenberghx@go.com,2928 Burrows Avenue,San Diego,California,92115,619-784-2037
647,Ulrikaumeko,Lidgett,Female,ulidgetthy@surveymonkey.com,59745 Rowland Place,,,93399,
648,Peder,Mara,Male,pmarahz@comcast.net,642 Hayes Plaza,Cheyenne,Wyoming,82007,307-173-7686
649,,Guiness,Female,fguinessi0@yahoo.co.jp,,,,28210,
650,Huntlee,Clampett,Male,hclampetti1@psu.edu,486 Bartillon Place,Tucson,Arizona,85754,520-586-8122
651,Simon,Fenty,Male,sfentyi2@furl.net,1 Mariners Cove Drive,,,91913,
652,Tammara,Hayhoe,Female,thayhoei3@bloglines.com,4 Myrtle Way,Orlando,Florida,32854,407-229-0146
653,Philip,Kitchingman,Male,,0 Pierstorff Crossing,Naples,Florida,34102,941-589-7597
654,Ev,Frowing,Male,efrowingi5@globo.com,6037 Atwood Crossing,Durham,North Carolina,27717,919-787-1223
655,Jocko,Portis,Male,jportisi6@vkontakte.ru,,Baton Rouge,Louisiana,70810,225-599-2080
656,Consuela,Wentworth,,cwentworthi7@geocities.com,450 Little Fleur Road,Boise,Idaho,83727,208-409-0947
657,Sonnie,Leyrroyd,Male,sleyrroydi8@mlb.com,2 Muir Avenue,Brea,California,92822,714-904-6532
658,,Henkmann,Female,ahenkmanni9@mapquest.com,03973 Kropf Hill,Jefferson City,Missouri,65105,573-549-1887
659,Violette,Tander,Female,vtanderia@wiley.com,2 Buhler Road,Washington,District of Columbia,20397,202-819-9199
660,Frederico,Dudson,,fdudsonib@paginegialle.it,7 Summerview Center,Santa Barbara,California,93150,805-442-9295
661,Arielle,Laurenty,,alaurentyic@google.ca,,,,,
662,Lizzie,Feaveer,Female,lfeaveerid@uiuc.edu,8807 Delaware Center,Salt Lake City,Utah,84152,801-850-4641
663,Carroll,McCloughen,Female,cmccloughenie@unesco.org,3596 Portage Street,Wilmington,Delaware,19897,302-959-9114
664,Xever,Gear,Male,xgearif@dagondesign.com,,Portland,Oregon,97229,503-747-4329
665,Maye,Dell Casa,Female,mdellcasaig@tinyurl.com,7 Toban Terrace,,,20883,
666,Brandi,Goodisson,Female,bgoodissonih@latimes.com,53 Red Cloud Circle,Des Moines,Iowa,50936,515-274-6956
667,,Jindracek,Male,fjindracekii@rediff.com,,San Francisco,California,94147,415-100-4735
668,Collen,Olivie,Female,,6 Westend Center,Washington,District of Columbia,20046,202-797-3331
669,Tessa,Gillyatt,Female,tgillyattik@nifty.com,982 Oriole Street,,,10009,
670,Pammi,Langland,Female,planglandil@nba.com,42 Lien Alley,Washington,District of Columbia,20436,202-207-7271
671,Jandy,Jinkin,Female,jjinkinim@theatlantic.com,,Pasadena,California,91186,626-877-6149
672,Erica,Danilchik,Female,edanilchikin@ihg.com,31232 Florence Place,,,78726,
673,Keslie,Junes,Female,kjunesio@simplemachines.org,672 Rigney Park,Washington,District of Columbia,20299,202-796-8655
674,Callie,Heineke,Female,cheinekeip@plala.or.jp,,Midland,Texas,79705,432-701-1343
675,Selig,Aujean,Male,saujeaniq@pen.io,524 Warbler Place,Sacramento,California,94207,916-437-8350
676,Luisa,Tomkinson,Female,ltomkinsonir@bbc.co.uk,7880 Moose Parkway,Washington,District of Columbia,20470,202-887-6779
677,Binny,,Female,bwhewillis@amazon.co.uk,7 Kings Park,Memphis,Tennessee,38143,901-322-7585
678,Reese,Twinberrow,Male,rtwinberrowit@free.fr,045 Delladonna Circle,Madison,Wisconsin,53716,608-740-4060
679,Cherye,Gapp,Female,cgappiu@aol.com,64 1st Center,Charleston,West Virginia,25321,304-529-9812
680,Chevy,Abry,Male,cabryiv@uiuc.edu,30 Londonderry Plaza,Killeen,Texas,76544,254-326-0964
681,Wiley,Niche,Male,wnicheiw@pinterest.com,63119 Onsgard Road,Lake Charles,Louisiana,70607,337-953-0144
682,Quintina,Whitloe,Female,qwhitloeix@ovh.net,87989 Washington Pass,Anchorage,Alaska,99517,907-981-0825
683,Margo,Radbourne,Female,mradbourneiy@telegraph.co.uk,15 Sugar Court,Spokane,Washington,99252,509-661-8046
684,Ellery,Madigan,Male,emadiganiz@wikispaces.com,48 Basil Park,White Plains,New York,10633,914-228-3028
685,Gnni,Di Francesco,Female,gdifrancescoj0@harvard.edu,13 Rockefeller Pass,Oakland,California,94627,510-552-8031
686,Isidro,Waterworth,Male,iwaterworthj1@wikipedia.org,7627 Moose Park,Jacksonville,Florida,32209,904-544-5506
687,Poppy,Drinkale,Female,pdrinkalej2@de.vu,966 Hazelcrest Road,Charleston,West Virginia,25313,304-259-2881
688,Fiann,Swynfen,Female,fswynfenj3@domainmarket.com,8304 Autumn Leaf Parkway,Clearwater,Florida,34615,727-705-2546
689,Waldemar,Benet,,wbenetj4@phoca.cz,6 Summer Ridge Road,Des Moines,Iowa,50310,515-860-1468
690,Oneida,Crutcher,,ocrutcherj5@shop-pro.jp,079 Walton Parkway,,,94807,
691,Roscoe,McBratney,,rmcbratneyj6@comcast.net,25552 Arkansas Hill,Amarillo,Texas,79171,806-380-7074
692,Kiri,Titmarsh,Female,ktitmarshj7@sphinn.com,9 Debs Place,New York City,New York,10260,212-529-1485
693,Dodi,McGeown,Female,dmcgeownj8@newyorker.com,,Boise,Idaho,83732,208-850-8229
694,Trevor,Akrigg,,takriggj9@apple.com,1 Clyde Gallagher Parkway,Jamaica,New York,11480,917-436-6189
695,Branden,Postgate,Male,bpostgateja@sogou.com,5426 Crest Line Center,Miami,Florida,33185,305-169-0639
696,Davidde,Healeas,Male,dhealeasjb@cyberchimps.com,76 Bobwhite Pass,,,,
697,Neel,Cleiment,Male,ncleimentjc@bbc.co.uk,63558 Longview Trail,Alpharetta,Georgia,30022,678-923-4889
698,Lauren,Pattemore,Male,lpattemorejd@facebook.com,4841 Westerfield Place,Lubbock,Texas,79415,806-854-8472
699,Kariotta,Yancey,Female,kyanceyje@storify.com,7 Scofield Park,Pensacola,Florida,32520,850-808-0989
700,Cordell,Portinari,Male,cportinarijf@indiegogo.com,9 Thierer Point,Austin,Texas,78783,512-373-2506
701,Mile,Penhaleurack,Male,mpenhaleurackjg@tmall.com,79762 Old Gate Alley,,,97211,
702,Sterling,Iowarch,,siowarchjh@soundcloud.com,42770 Melby Parkway,Largo,Florida,34643,727-646-6179
703,Hailee,Fogarty,Female,hfogartyji@nature.com,8 Brickson Park Crossing,Conroe,Texas,77305,936-395-5274
704,Lannie,Ricioppo,Male,lricioppojj@163.com,93253 Sycamore Avenue,Brooklyn,New York,,212-154-4039
705,Scottie,Deuss,Male,sdeussjk@theglobeandmail.com,,Miami,Florida,33175,305-828-6523
706,Desmund,Mayling,Male,dmaylingjl@google.com.br,5 Golf Course Drive,Nashville,Tennessee,37210,615-705-4463
707,Vito,Fishbourne,Male,vfishbournejm@github.com,,San Antonio,Texas,78230,210-728-6495
708,Rory,Newbery,Female,rnewberyjn@twitter.com,15 Northland Lane,Inglewood,California,90310,310-489-6293
709,Garvey,Greystoke,Male,ggreystokejo@twitpic.com,8307 Burning Wood Plaza,Phoenix,Arizona,85030,602-749-2209
710,Berne,Bedinn,Male,bbedinnjp@toplist.cz,835 Sachs Junction,Arlington,Texas,76096,214-515-3567
711,Annemarie,Longmate,Female,alongmatejq@hatena.ne.jp,97448 Fairview Street,Newark,New Jersey,07188,862-370-5797
712,Smith,Baike,Male,sbaikejr@altervista.org,5695 Cherokee Park,Yakima,Washington,98907,509-729-5742
713,Barthel,Redmell,Male,bredmelljs@altervista.org,613 Mccormick Center,,,25313,
714,,Adlington,Male,kadlingtonjt@timesonline.co.uk,145 Northland Way,Denver,Colorado,80223,720-195-0027
715,Melvin,Kinnon,Male,mkinnonju@bloglines.com,663 Mitchell Alley,Gainesville,Florida,,352-411-7742
716,Deane,Doding,Male,ddodingjv@icq.com,819 Stephen Place,Migrate,Kentucky,,502-273-8209
717,Jada,Habens,,jhabensjw@oaic.gov.au,57 Hanson Crossing,Brooksville,Florida,34605,352-309-5149
718,Udell,Biaggelli,Male,ubiaggellijx@godaddy.com,310 Kensington Lane,El Paso,Texas,79923,915-250-0515
719,Matti,Hannond,Female,mhannondjy@nationalgeographic.com,06339 Meadow Ridge Pass,Dallas,Texas,75397,214-389-6302
720,Alanna,Krienke,Female,,01 Lunder Park,Austin,Texas,78789,512-577-6064
721,Cosetta,Harly,Female,charlyk0@cafepress.com,,Fort Wayne,Indiana,46825,260-189-7894
722,Nickie,Cardoe,Male,ncardoek1@amazon.co.uk,,Jacksonville,Florida,32215,904-960-7564
723,Nike,Wehner,,nwehnerk2@reddit.com,8854 Twin Pines Avenue,Ocala,Florida,34479,352-843-4746
724,Aridatha,Waliszewski,Female,awaliszewskik3@deliciousdays.com,89121 High Crossing Circle,Pittsburgh,Pennsylvania,15230,412-598-0733
725,Garry,Mordaunt,Male,gmordauntk4@marriott.com,,Miami,Florida,33175,305-186-8686
726,Vanna,Hassey,Female,vhasseyk5@myspace.com,735 Tennyson Center,San Antonio,Texas,78205,210-293-9840
727,,Bilby,Female,abilbyk6@wired.com,0 Clarendon Avenue,Chicago,Illinois,60669,312-861-0720
728,Allison,Pouton,Female,apoutonk7@icio.us,33420 Corscot Terrace,Marietta,Georgia,30061,770-318-4313
729,Dacie,Bontine,Female,dbontinek8@ted.com,944 Quincy Circle,Los Angeles,California,90030,213-380-1777
730,Jarid,Hevner,,jhevnerk9@princeton.edu,,,,78754,
731,Pall,McElhargy,,pmcelhargyka@google.nl,5 Brickson Park Court,Peoria,Arizona,85383,928-416-9737
732,Gardner,Rutty,Male,gruttykb@list-manage.com,44 Red Cloud Circle,,,91125,
733,Irvin,Pardew,,ipardewkc@chicagotribune.com,44175 Prairieview Parkway,Fort Worth,Texas,76162,682-628-3580
734,Charlotte,Amys,Female,camyskd@dailymotion.com,371 Messerschmidt Pass,El Paso,Texas,88569,915-594-2667
735,Morlee,Burleigh,Male,mburleighke@ustream.tv,34814 Norway Maple Way,,,19191,
736,Luke,Cawkill,Male,lcawkillkf@rediff.com,3 Cottonwood Road,Los Angeles,California,90071,626-867-0385
737,Dorita,Tungay,Female,dtungaykg@cnn.com,9549 Thompson Way,Aiken,South Carolina,29805,803-991-5727
738,,Draude,Male,wdraudekh@fotki.com,81180 Warner Point,Erie,Pennsylvania,16505,814-966-5120
739,Nahum,McCaster,Male,,83 Mosinee Road,Charlotte,North Carolina,28256,704-507-1117
740,Nataniel,Hallward,Male,nhallwardkj@histats.com,1680 Westport Alley,Largo,Florida,34643,727-901-8142
741,,Boon,Female,vboonkk@intel.com,83281 Fair Oaks Street,Houston,Texas,77271,713-480-1841
742,Ethelyn,Kilkenny,Female,ekilkennykl@adobe.com,785 Holy Cross Center,,,59105,
743,Eldredge,Tithecott,Male,etithecottkm@flavors.me,0282 Pearson Lane,Oklahoma City,Oklahoma,73147,405-923-8745
744,Nollie,Mayow,Male,nmayowkn@google.fr,,Daytona Beach,Florida,,386-791-0375
745,Barr,Wittke,Male,bwittkeko@squarespace.com,705 Comanche Plaza,Washington,District of Columbia,20425,202-409-3255
746,Ferrell,Rees,Male,freeskp@state.gov,37928 David Crossing,Albany,New York,12227,518-990-2147
747,Eydie,Mepham,,emephamkq@statcounter.com,0882 Sachtjen Terrace,Naples,Florida,33961,305-118-5770
748,Lon,Stoakes,Male,lstoakeskr@twitter.com,46 Upham Park,Gadsden,Alabama,35905,256-343-9558
749,Hattie,Schoular,Female,hschoularks@wordpress.org,02 Northland Point,Alexandria,Virginia,22313,571-397-6062
750,Elisabet,Duinbleton,Female,eduinbletonkt@nydailynews.com,324 Ronald Regan Street,Salt Lake City,Utah,84110,801-265-9393
751,Montgomery,Jeenes,Male,mjeenesku@networksolutions.com,197 Anhalt Place,Trenton,New Jersey,08695,609-173-5967
752,Mahmoud,Acock,Male,macockkv@patch.com,64922 Chinook Court,New York City,New York,10270,718-932-2017
753,Kinna,,Female,ktabordkw@aol.com,508 Continental Court,Henderson,Nevada,89012,702-687-0511
754,Marcelle,Astbury,Female,mastburykx@lycos.com,5 Gerald Way,Saint Louis,Missouri,63116,314-221-1989
755,Pavel,Aberkirdo,Male,paberkirdoky@pinterest.com,84424 Crownhardt Pass,Levittown,Pennsylvania,19058,267-406-6257
756,Gennifer,Haysham,Female,ghayshamkz@google.com.br,5 Badeau Road,Dayton,Ohio,45408,937-200-6097
757,Ailyn,Rappport,Female,arappportl0@360.cn,81278 Knutson Pass,Trenton,New Jersey,08695,609-798-3777
758,Prudence,Petren,Female,ppetrenl1@dmoz.org,8 Hudson Street,El Paso,Texas,79916,915-138-4269
759,Frederick,Pratchett,Male,fpratchettl2@icio.us,,Philadelphia,Pennsylvania,19109,610-217-6760
760,Brandi,,Female,bmackartanl3@nba.com,98 Melby Terrace,Baltimore,Maryland,21275,410-413-9896
761,Domenic,Summerskill,Male,dsummerskilll4@howstuffworks.com,1 Derek Pass,,,84093,
762,Buffy,Wandrich,Female,bwandrichl5@aol.com,6 Cardinal Pass,,,,
763,Mannie,Lathey,Male,mlatheyl6@free.fr,74685 Lake View Lane,Wichita,Kansas,67210,316-226-5610
764,Ebba,Del Monte,Female,edelmontel7@nsw.gov.au,088 Oriole Trail,Huntington Beach,California,92648,714-346-7985
765,Tam,Gutsell,Male,tgutselll8@census.gov,18 Forest Terrace,Sacramento,California,95865,916-169-9315
766,Britte,Prendeguest,Female,bprendeguestl9@infoseek.co.jp,432 Eliot Junction,Cedar Rapids,Iowa,52410,319-106-1592
767,Cathie,Glandfield,Female,cglandfieldla@parallels.com,7 Eagan Road,Jacksonville,Florida,32277,904-609-3116
768,Liva,Addenbrooke,Female,laddenbrookelb@godaddy.com,,Sacramento,California,94297,916-597-8479
769,Tyson,Skelly,Male,tskellylc@devhub.com,410 Ridge Oak Point,Savannah,Georgia,31405,912-137-2314
770,Mala,Janca,,mjancald@reuters.com,7011 Anniversary Parkway,Grand Junction,Colorado,81505,970-815-1632
771,Sabina,Elby,Female,selbyle@accuweather.com,,Saint Paul,Minnesota,55108,651-295-9707
772,Julie,Antonikov,Male,jantonikovlf@admin.ch,3628 Vera Drive,Fresno,California,93715,559-235-6936
773,Vin,Pether,Female,vpetherlg@google.com,6 Sauthoff Point,Miami,Florida,,305-993-7150
774,Grazia,Paolotto,Female,gpaolottolh@4shared.com,6 Warrior Center,Kansas City,Missouri,64153,816-102-6678
775,Huntley,Quipp,Male,,722 Lerdahl Center,Springfield,Massachusetts,01152,413-673-6647
776,Jaclyn,Allnatt,Female,jallnattlj@squarespace.com,2 Cottonwood Circle,Pittsburgh,Pennsylvania,,412-630-4028
777,Gavin,Andryushin,Male,gandryushinlk@wikipedia.org,5651 Lighthouse Bay Court,Richmond,Virginia,23289,804-345-8777
778,Del,FitzGeorge,Female,dfitzgeorgell@archive.org,38 Ridgeway Park,,,32215,
779,Christoffer,Frome,Male,cfromelm@symantec.com,,Washington,District of Columbia,20470,202-818-3701
780,Andee,Wanden,Female,awandenln@macromedia.com,34556 Schmedeman Way,San Jose,California,,408-614-0684
781,Alano,Coull,Male,acoulllo@sphinn.com,1 Eggendart Park,Las Vegas,Nevada,89155,702-816-2827
782,Kettie,Darcey,Female,kdarceylp@narod.ru,4715 Tomscot Court,Atlanta,Georgia,30301,678-709-3625
783,,Strettle,Male,hstrettlelq@businessinsider.com,13733 Bayside Pass,Hot Springs National Park,Arkansas,71914,501-974-6526
784,Nero,Falls,Male,nfallslr@nifty.com,5988 School Center,Washington,District of Columbia,20299,202-583-7817
785,Clerc,Markovic,Male,cmarkovicls@google.nl,928 Dovetail Drive,Charleston,West Virginia,25389,304-604-6518
786,Constancy,Glowinski,Female,,6 Warner Street,Nashville,Tennessee,37228,615-146-2838
787,Lenora,Barrand,,lbarrandlu@un.org,6496 Basil Place,Springfield,Illinois,62764,217-471-3520
788,Laurice,Thaller,,lthallerlv@freewebs.com,957 Miller Lane,Dallas,Texas,75387,214-347-8395
789,Lemuel,Bullers,,lbullerslw@weebly.com,05556 Knutson Circle,Houston,Texas,77065,832-781-4726
790,Esta,Loines,Female,eloineslx@blogs.com,30 Armistice Street,Falls Church,Virginia,22047,571-519-3321
791,Kennith,Lightfoot,,klightfootly@dailymotion.com,258 Merchant Road,Dayton,Ohio,45408,937-498-0685
792,Raeann,Stallen,Female,rstallenlz@ca.gov,6 Warner Point,Newark,Delaware,19725,302-327-6936
793,Debora,Bassam,Female,dbassamm0@theglobeandmail.com,334 John Wall Trail,Nashville,Tennessee,37245,615-483-9829
794,Solly,Deas,Male,sdeasm1@bloglovin.com,574 Utah Pass,Winston Salem,North Carolina,27157,336-572-8987
795,Quintina,Guinane,Female,qguinanem2@woothemes.com,2 Dakota Pass,Flushing,New York,11355,347-767-5325
796,Aigneis,Treat,Female,,9629 Sloan Point,Washington,District of Columbia,20530,202-190-6458
797,Mariya,McGrorty,Female,mmcgrortym4@booking.com,,Cincinnati,Ohio,45238,513-140-7353
798,Gibb,Farden,Male,gfardenm5@phoca.cz,68 Burrows Junction,Elmira,New York,14905,607-472-1218
799,Aryn,Dillingham,Female,adillinghamm6@disqus.com,3098 Spaight Alley,Nashville,Tennessee,37250,615-479-2301
800,Corly,Everard,Female,ceverardm7@51.la,5381 Gina Court,Kansas City,Missouri,64142,816-824-6813
801,Bryon,Dubble,Male,bdubblem8@nytimes.com,18204 Sunbrook Avenue,Riverside,California,92513,951-808-3808
802,Sisely,Balderson,Female,,5 Golf View Court,San Francisco,California,94110,415-617-9614
803,Netta,Doyley,Female,ndoyleyma@springer.com,22 Hooker Pass,Norwalk,Connecticut,06859,203-873-8296
804,Rachelle,Western,Female,,50770 Mifflin Hill,Hialeah,Florida,33013,786-893-4144
805,Cheslie,Layton,Female,claytonmc@ow.ly,45 Carpenter Terrace,Saint Louis,Missouri,63169,314-162-9926
806,Astra,Gorstidge,Female,agorstidgemd@phpbb.com,364 Ilene Road,North Little Rock,Arkansas,72199,501-784-5002
807,,McDougald,Male,mmcdougaldme@xinhuanet.com,116 Ridgeway Crossing,Saint Louis,Missouri,63158,314-370-4511
808,Hinda,Sidery,Female,hsiderymf@redcross.org,18651 Mayer Alley,Houston,Texas,77005,713-484-6711
809,,Bew,Female,cbewmg@msu.edu,26506 Pierstorff Hill,Las Vegas,Nevada,89166,702-936-7372
810,Ulrika,Mecco,,umeccomh@uiuc.edu,127 Shelley Point,Boynton Beach,Florida,33436,561-104-5861
811,Xever,Fairholme,Male,xfairholmemi@discuz.net,547 Sugar Parkway,New York City,New York,10034,646-882-8673
812,Meade,McCambridge,Male,mmccambridgemj@paginegialle.it,,Charlotte,North Carolina,28210,704-926-7771
813,Dalston,Pendlebury,Male,dpendleburymk@cdc.gov,8 Nova Hill,Indianapolis,Indiana,46247,317-958-9255
814,Stesha,Goldsby,Female,sgoldsbyml@marriott.com,43 Ridge Oak Hill,Dallas,Texas,75392,214-446-6567
815,Cassondra,Wrout,Female,cwroutmm@sakura.ne.jp,0 Burrows Circle,Levittown,Pennsylvania,19058,267-584-9627
816,Di,Sponder,Female,dspondermn@craigslist.org,91 Larry Lane,,,75210,
817,Ash,Arrighetti,Male,aarrighettimo@blogger.com,05197 Debs Point,,,45403,
818,Mable,Mogford,Female,mmogfordmp@icio.us,,Syracuse,New York,13224,315-390-1644
819,Liesa,Teal,Female,ltealmq@arstechnica.com,5722 Rieder Road,Norfolk,Virginia,23551,757-261-0489
820,Joshuah,Fewless,Male,jfewlessmr@hc360.com,141 Walton Parkway,San Bernardino,California,92424,909-847-3833
821,Georgeanna,Trotton,Female,gtrottonms@bloglovin.com,18527 Superior Circle,San Diego,California,92121,619-784-6736
822,Camilla,Boulds,,cbouldsmt@youtube.com,9648 Donald Place,Louisville,Kentucky,40225,502-922-0878
823,Lynde,Sheather,Female,lsheathermu@slideshare.net,85 Glacier Hill Trail,Washington,District of Columbia,20599,202-158-1029
824,Helene,Andreini,Female,handreinimv@people.com.cn,544 Heath Hill,Myrtle Beach,South Carolina,29579,843-997-4280
825,Dannye,Viel,Female,dvielmw@digg.com,08 Crest Line Road,,,64142,
826,Jonathon,Sproul,Male,jsproulmx@cloudflare.com,377 Karstens Avenue,Charlotte,North Carolina,28247,704-289-6401
827,Federico,Roll,Male,frollmy@wix.com,7 Heath Way,,,61605,
828,Thor,Birchall,Male,tbirchallmz@telegraph.co.uk,3 Waubesa Parkway,Virginia Beach,Virginia,23459,757-765-1963
829,Leticia,Fischer,Female,lfischern0@cnn.com,5 Maple Trail,Round Rock,Texas,78682,512-970-8604
830,Jameson,Cockshtt,,jcockshttn1@nasa.gov,74 Kingsford Lane,,,78754,
831,Gilbertine,Labroue,Female,glabrouen2@google.com.br,8537 Atwood Circle,,,,
832,Doralynn,Jans,Female,djansn3@about.com,85 Bartelt Park,Little Rock,Arkansas,72215,501-181-4906
833,Marabel,Clements,Female,mclementsn4@hao123.com,6 Nancy Plaza,Brooklyn,New York,11241,347-548-3349
834,Zollie,Lauga,Male,zlaugan5@webs.com,096 Hollow Ridge Circle,Richmond,Virginia,23237,804-987-7478
835,Lamond,Tolwood,Male,ltolwoodn6@tuttocitta.it,31157 8th Street,Louisville,Kentucky,40220,502-743-6353
836,Bryant,Willacot,Male,bwillacotn7@hhs.gov,24 Hazelcrest Junction,,,33134,
837,Amalee,Filimore,Female,afilimoren8@stumbleupon.com,95632 Katie Way,,,65105,
838,Riccardo,Towndrow,Male,rtowndrown9@pinterest.com,67 Cardinal Terrace,New York City,New York,10034,212-879-7984
839,Holt,Portal,Male,hportalna@addtoany.com,9 Dixon Drive,Henderson,Nevada,89074,702-250-8541
840,Kaiser,Abelson,Male,kabelsonnb@vk.com,87776 Briar Crest Plaza,Oxnard,California,93034,805-670-0559
841,Winifield,Tavernor,Male,wtavernornc@amazonaws.com,338 Scott Avenue,Virginia Beach,Virginia,23454,757-979-8564
842,Itch,Boothman,Male,iboothmannd@youku.com,57 Hauk Point,Baton Rouge,Louisiana,70820,225-436-7004
843,Robinia,Yon,Female,ryonne@disqus.com,4358 Leroy Pass,Newark,New Jersey,07188,862-981-9271
844,Jacob,Atherton,Male,jathertonnf@npr.org,,Kansas City,Missouri,64153,816-959-9466
845,Hugo,Zanini,Male,hzanining@wikimedia.org,8860 Loftsgordon Alley,Saginaw,Michigan,48604,989-194-1087
846,Bernarr,Petre,Male,bpetrenh@ustream.tv,8029 Springview Court,Buffalo,New York,14276,716-825-5691
847,Thibaud,Elam,Male,telamni@aboutads.info,95 Scofield Center,Mobile,Alabama,36628,251-288-2867
848,Susi,Lambden,Female,slambdennj@wix.com,7325 South Road,Memphis,Tennessee,38197,901-140-0069
849,Thacher,Davidavidovics,Male,tdavidavidovicsnk@nih.gov,967 Maple Wood Circle,Charleston,West Virginia,25305,304-427-1334
850,Erny,Buzek,Male,ebuzeknl@independent.co.uk,2727 Fisk Court,Atlanta,Georgia,30336,404-940-6030
851,Trudey,Josefsohn,,tjosefsohnnm@reddit.com,7 Westridge Plaza,Huntington,West Virginia,25709,304-258-7149
852,Carrol,Ghiriardelli,Male,cghiriardellinn@ameblo.jp,14 Clove Hill,Tulsa,Oklahoma,74103,918-500-3059
853,Nev,Arrighi,Male,narrighino@skype.com,74912 Tennyson Plaza,Lynn,Massachusetts,01905,781-559-1632
854,,Simonini,Female,ksimonininp@psu.edu,27 Surrey Crossing,Saginaw,Michigan,48604,989-301-2669
855,Bernadine,McMaster,Female,bmcmasternq@uiuc.edu,30808 Tony Terrace,El Paso,Texas,88574,915-580-1374
856,Gasparo,Horlock,Male,ghorlocknr@privacy.gov.au,48207 Stuart Drive,Fresno,California,93740,559-160-2323
857,Raeann,Loud,Female,rloudns@chron.com,39 Hauk Plaza,Saint Joseph,Missouri,64504,816-750-0331
858,Lissi,Cometti,Female,lcomettint@tuttocitta.it,62 Karstens Way,Columbia,South Carolina,29215,803-993-5450
859,Llewellyn,Larkins,,llarkinsnu@chron.com,08 Forest Parkway,Denver,Colorado,80243,303-555-1321
860,Shel,Habbijam,Female,shabbijamnv@narod.ru,25 Fuller Court,Las Vegas,Nevada,89150,702-689-8500
861,Stevie,Truse,Male,strusenw@europa.eu,,Waterbury,Connecticut,06721,203-202-8798
862,Patin,Jacop,Male,pjacopnx@freewebs.com,925 Gulseth Point,Manchester,New Hampshire,03105,603-859-1839
863,Darsie,Rhys,Female,drhysny@theatlantic.com,09 Hollow Ridge Parkway,Richmond,Virginia,23272,804-422-1859
864,Emmy,Blomfield,Male,eblomfieldnz@storify.com,078 Prentice Road,Spokane,Washington,99210,509-973-1873
865,Elbert,Vint,Male,,85 Erie Junction,Albany,New York,12242,518-278-1308
866,Jesus,Whall,Male,jwhallo1@mtv.com,40 Continental Road,Evanston,Illinois,60208,847-874-9837
867,Royal,Hanford,Male,rhanfordo2@phoca.cz,36557 Anzinger Alley,Fargo,North Dakota,58122,701-411-1044
868,Fulvia,Pool,Female,fpoolo3@joomla.org,8241 Waxwing Court,Montgomery,Alabama,36104,334-378-1455
869,Maynord,Creeber,Male,mcreebero4@squidoo.com,6 Calypso Alley,North Las Vegas,Nevada,89036,702-439-1139
870,Geoff,Nannini,Male,gnanninio5@umich.edu,9 Mosinee Circle,Bakersfield,California,93305,661-942-2362
871,Tanny,Glaze,Male,tglazeo6@vk.com,18 Trailsway Way,Pompano Beach,Florida,33064,754-218-9417
872,Adham,Wallice,Male,awalliceo7@hostgator.com,,Boise,Idaho,,208-330-1463
873,Hector,Fitton,Male,,23057 Moulton Place,Atlanta,Georgia,31190,404-393-5697
874,Ric,Yandle,Male,ryandleo9@nasa.gov,934 Dayton Junction,Frankfort,Kentucky,40618,502-197-4706
875,Fredric,Everall,Male,feveralloa@bloglovin.com,22549 Laurel Road,,,28247,
876,Giffer,Hayton,Male,ghaytonob@is.gd,4 Weeping Birch Hill,Pittsburgh,Pennsylvania,15225,412-155-6433
877,Kaylee,Phalp,Female,kphalpoc@gravatar.com,414 Sachtjen Avenue,Dallas,Texas,75226,469-807-2702
878,,Paige,Female,spaigeod@pen.io,13 Scott Circle,Johnstown,Pennsylvania,15906,814-859-2713
879,Ernest,Olifaunt,Male,eolifauntoe@umn.edu,88 Huxley Circle,Atlanta,Georgia,,404-877-2776
880,Nicky,Snedden,Female,,09491 Union Avenue,Salt Lake City,Utah,84189,801-418-0843
881,Pegeen,Pirnie,Female,ppirnieog@vistaprint.com,91016 Cordelia Plaza,Jeffersonville,Indiana,47134,812-229-8221
882,Guenna,Caban,,gcabanoh@multiply.com,16 Maryland Avenue,New York City,New York,,917-858-6740
883,Eddy,Kaminski,Female,ekaminskioi@merriam-webster.com,768 Sommers Hill,Van Nuys,California,91499,213-153-6310
884,Tamas,Diviney,Male,tdivineyoj@amazon.de,36 Blackbird Point,New Orleans,Louisiana,70116,504-394-3241
885,Massimiliano,Kyneton,Male,mkynetonok@cyberchimps.com,09 Mcguire Street,Fort Lauderdale,Florida,33310,754-174-6128
886,Terri-jo,Klessmann,Female,tklessmannol@foxnews.com,328 Hanson Court,West Hartford,Connecticut,06127,860-505-2626
887,Leonardo,Jirak,Male,ljirakom@usgs.gov,608 Di Loreto Circle,Lafayette,Louisiana,70505,337-268-7025
888,Leonid,Sadler,Male,lsadleron@tinypic.com,03475 Buena Vista Pass,San Diego,California,92110,858-390-0478
889,Moyna,Spoure,Female,mspoureoo@chron.com,6596 Anniversary Avenue,Decatur,Georgia,30089,770-271-5174
890,Gaspar,Allibon,Male,gallibonop@newsvine.com,558 Briar Crest Drive,New Orleans,Louisiana,70187,504-359-5571
891,Nelle,Ludmann,Female,nludmannoq@ca.gov,443 Kim Way,Dallas,Texas,75231,972-875-3609
892,Andee,Diego,Female,adiegoor@webnode.com,1 Haas Trail,Fort Worth,Texas,76147,817-959-1769
893,Deni,Mariel,Female,dmarielos@princeton.edu,11 Thompson Circle,Wichita,Kansas,67260,316-409-9837
894,Darda,Niccols,Female,dniccolsot@reference.com,441 Thompson Center,New York City,New York,10090,212-118-1520
895,Hortense,Kellett,Female,hkellettou@google.cn,11153 Pierstorff Center,Tucson,Arizona,85715,520-147-5846
896,Wilfrid,Eames,Male,weamesov@tinyurl.com,920 Kings Trail,Trenton,New Jersey,08603,609-322-2590
897,Bridgette,,Female,bandrolliow@issuu.com,,Boulder,Colorado,80310,303-523-2710
898,Querida,Fewster,Female,qfewsterox@amazon.co.uk,040 Lunder Drive,Lansing,Michigan,48956,517-791-3517
899,Bekki,Becerra,Female,bbecerraoy@xrea.com,8364 Bashford Center,Columbia,South Carolina,29240,803-442-5837
900,Harriett,Kumaar,Female,hkumaaroz@phoca.cz,81478 Tennyson Junction,Saint Augustine,Florida,32092,904-516-3713
901,Jessy,Le Frank,Female,jlefrankp0@topsy.com,,Pasadena,California,91125,626-849-0372
902,Fletch,Cuppitt,Male,fcuppittp1@intel.com,262 Moose Center,Charlotte,North Carolina,28242,704-888-3234
903,Giulia,Lighten,Female,glightenp2@yolasite.com,741 Carioca Plaza,Decatur,Georgia,30089,770-249-6457
904,Bradan,Coventry,Male,bcoventryp3@aboutads.info,99242 Johnson Alley,Stamford,Connecticut,06905,203-367-8232
905,Mattias,Keijser,Male,mkeijserp4@businesswire.com,29163 7th Center,Portsmouth,New Hampshire,,603-947-5924
906,Lori,Foxley,Female,lfoxleyp5@cbsnews.com,662 Goodland Center,Riverside,California,92513,951-518-7546
907,Dermot,Twitching,Male,,046 Bartelt Court,Birmingham,Alabama,35210,334-323-5983
908,Caprice,Permain,Female,cpermainp7@prweb.com,31 Oneill Court,Pasadena,Texas,77505,281-707-5740
909,Golda,Yakovitch,Female,gyakovitchp8@skyrock.com,01 Spenser Drive,Port Washington,New York,11054,516-980-6259
910,Ebba,Ollander,,eollanderp9@g.co,8 Mendota Center,New York City,New York,10165,212-198-3888
911,Kirsti,Solomonides,Female,ksolomonidespa@godaddy.com,6 Ludington Road,Madison,Wisconsin,,608-470-6183
912,Devland,Renfree,Male,drenfreepb@wix.com,051 Menomonie Lane,North Hollywood,California,91606,818-242-5588
913,Manuel,Fouracres,Male,mfouracrespc@slashdot.org,629 Meadow Valley Terrace,Vancouver,Washington,98664,360-717-7533
914,Tanney,Elson,Male,telsonpd@nbcnews.com,9750 Warbler Lane,Paterson,New Jersey,07505,862-354-7222
915,Jarrid,Twinning,Male,jtwinningpe@cyberchimps.com,3 Elka Alley,Terre Haute,Indiana,47805,812-483-5951
916,Avram,Kepp,Male,akepppf@example.com,6 American Crossing,Saint Petersburg,Florida,33742,727-457-6029
917,Paule,Maden,Female,pmadenpg@nature.com,08 Forest Run Street,Indianapolis,Indiana,46202,317-101-7876
918,Lauree,Niese,Female,lnieseph@hud.gov,14228 Manitowish Court,Miami,Florida,33158,305-902-8153
919,Bernardo,Llop,Male,blloppi@diigo.com,75405 Sauthoff Parkway,Milwaukee,Wisconsin,53277,414-890-4403
920,Hayyim,Burnett,Male,hburnettpj@purevolume.com,9432 Forest Run Crossing,Tucson,Arizona,85720,520-605-2411
921,Norine,Polleye,Female,npolleyepk@rambler.ru,829 Linden Lane,Chattanooga,Tennessee,37410,423-184-0330
922,Paton,Beart,Male,pbeartpl@lycos.com,6606 Dovetail Pass,Boynton Beach,Florida,33436,561-268-8351
923,Hally,Collete,Female,,85 Hansons Circle,Meridian,Mississippi,39305,601-333-9312
924,Lavena,Challace,Female,lchallacepn@nytimes.com,03 Stuart Plaza,,,13217,
925,Wilhelm,Averall,Male,waverallpo@reverbnation.com,18 Chive Way,Minneapolis,Minnesota,55423,218-171-4346
926,Jonell,Florey,Female,jfloreypp@prnewswire.com,55479 Quincy Lane,Bakersfield,California,93311,661-374-8541
927,Demetris,Midlar,Female,dmidlarpq@last.fm,24 Hauk Circle,Fort Worth,Texas,76162,682-361-3138
928,Hanna,Arkil,,harkilpr@pcworld.com,65 Muir Point,Atlanta,Georgia,30392,404-894-7879
929,Xena,Cutting,Female,xcuttingps@cam.ac.uk,160 Buhler Avenue,Pittsburgh,Pennsylvania,15250,412-763-2992
930,Dorthea,Brigge,Female,dbriggept@ask.com,00 Oxford Pass,College Station,Texas,77844,979-580-7362
931,Alden,Bullivent,Male,abulliventpu@whitehouse.gov,69 Fieldstone Drive,,,40510,
932,Else,Whittier,Female,ewhittierpv@addthis.com,,Jamaica,New York,11499,212-350-0600
933,Ingrim,Ungerechts,Male,,,,,76096,
934,Mycah,Swatridge,,mswatridgepx@bigcartel.com,42681 Meadow Vale Alley,Sacramento,California,95894,916-956-5588
935,Nehemiah,Tebboth,Male,ntebbothpy@flickr.com,704 Corscot Avenue,Jacksonville,Florida,32230,904-104-9349
936,Casey,Dunnaway,Male,cdunnawaypz@tinypic.com,122 Continental Plaza,Rochester,New York,14619,585-392-1337
937,Goldi,Hanton,Female,ghantonq0@whitehouse.gov,54 Briar Crest Lane,Seattle,Washington,98109,425-474-2973
938,Baird,Eayres,Male,beayresq1@xing.com,38 Browning Crossing,New York City,New York,10150,212-248-7662
939,Moe,Vreiberg,Male,mvreibergq2@cdc.gov,78170 Ronald Regan Plaza,Dearborn,Michigan,48126,313-674-9811
940,Jemimah,Widger,Female,jwidgerq3@digg.com,33908 Heath Junction,Norfolk,Virginia,23551,757-404-8457
941,Sibilla,McMorran,Female,smcmorranq4@ebay.co.uk,,Shreveport,Louisiana,71130,318-424-3649
942,Jewel,Brimson,Female,jbrimsonq5@ovh.net,23 American Ash Road,Worcester,Massachusetts,01654,508-406-9928
943,Drona,Maccrie,Female,dmaccrieq6@howstuffworks.com,57096 Pleasure Court,Sacramento,California,95894,916-982-2787
944,Dilan,Northleigh,Male,dnorthleighq7@biglobe.ne.jp,416 Manufacturers Plaza,San Bernardino,California,92415,909-522-6591
945,Breanne,Mugridge,Female,bmugridgeq8@kickstarter.com,162 Union Junction,Houston,Texas,77070,281-786-4474
946,Katya,Ronchetti,Female,kronchettiq9@hubpages.com,0 Swallow Terrace,Cumming,Georgia,30130,706-564-3747
947,,Curthoys,,mcurthoysqa@bbc.co.uk,46234 Huxley Point,Alexandria,Virginia,22313,571-464-0654
948,Lauren,Dorcey,Female,ldorceyqb@ihg.com,16 Almo Trail,Springfield,Massachusetts,,413-696-5077
949,Albrecht,Askwith,Male,aaskwithqc@biglobe.ne.jp,52877 Hoffman Circle,Pompano Beach,Florida,33064,754-397-4640
950,Raf,Elie,Female,relieqd@noaa.gov,3 Meadow Valley Street,Evansville,Indiana,47747,812-212-8645
951,,Ninnotti,Female,vninnottiqe@123-reg.co.uk,13 North Way,Bradenton,Florida,34282,941-911-7903
952,Aundrea,,Female,aswainsqf@berkeley.edu,3638 Golf Course Crossing,Abilene,Texas,79699,325-148-6427
953,Tonia,Fermoy,Female,tfermoyqg@163.com,998 Hallows Court,Flint,Michigan,48555,810-577-4993
954,Michelle,Fussie,Female,mfussieqh@foxnews.com,34 Grasskamp Park,Lexington,Kentucky,40510,859-844-4865
955,Lotty,Lomaz,,llomazqi@state.tx.us,4953 Pawling Trail,Houston,Texas,77030,832-748-2936
956,Giuseppe,Leming,Male,glemingqj@independent.co.uk,0 Northwestern Avenue,New Orleans,Louisiana,70187,504-837-8658
957,Adam,Balbeck,Male,abalbeckqk@cmu.edu,7 Calypso Pass,Dallas,Texas,75323,214-664-6774
958,Ruthie,Karsh,Female,rkarshql@unc.edu,820 Derek Junction,Augusta,Georgia,30905,706-285-3393
959,Englebert,Caney,Male,ecaneyqm@msn.com,805 Moose Pass,Champaign,Illinois,61825,217-564-6413
960,Karlee,Barendtsen,Female,kbarendtsenqn@arstechnica.com,13275 Buena Vista Crossing,Toledo,Ohio,43635,419-929-1353
961,Hally,Polfer,Female,hpolferqo@businessweek.com,73865 Troy Drive,Wilmington,Delaware,,302-927-8989
962,Lila,McLinden,Female,lmclindenqp@columbia.edu,6 Pine View Avenue,Dulles,Virginia,20189,571-757-1589
963,Muffin,Laborde,Female,mlabordeqq@nationalgeographic.com,24 Barnett Avenue,Lexington,Kentucky,40546,859-589-9849
964,Sheppard,Amberg,Male,sambergqr@tiny.cc,17 Harper Way,Corpus Christi,Texas,78470,361-967-1891
965,Renaldo,Yegorshin,,ryegorshinqs@ezinearticles.com,6 Beilfuss Center,Indianapolis,Indiana,,317-345-3656
966,Fran,Hakey,Female,fhakeyqt@theglobeandmail.com,2 Northridge Way,Nashville,Tennessee,37205,615-497-5328
967,Grazia,Yeates,Female,gyeatesqu@dmoz.org,4926 Ramsey Terrace,Fort Wayne,Indiana,46814,260-477-8586
968,Leonhard,Gascoyen,Male,lgascoyenqv@blogtalkradio.com,6681 Hoepker Plaza,,,27455,
969,Estel,Aslin,Female,easlinqw@taobao.com,07 Lakewood Gardens Plaza,Racine,Wisconsin,53405,262-307-8800
970,Christy,Kingswood,Female,ckingswoodqx@wikipedia.org,280 Di Loreto Street,Shreveport,Louisiana,71166,318-351-9330
971,Rodie,Hannond,Female,rhannondqy@house.gov,75 Golf Circle,,,96825,
972,Sigmund,Mollon,Male,smollonqz@prnewswire.com,639 Claremont Park,Lawrenceville,Georgia,30045,770-546-0781
973,Ezechiel,Ewbanck,Male,eewbanckr0@mapquest.com,832 Texas Circle,Tampa,Florida,,813-557-5156
974,,Bucklee,Male,nbuckleer1@archive.org,54 Farwell Drive,Abilene,Texas,79605,325-443-0726
975,Roi,Bru,Male,rbrur2@aol.com,72 Rusk Court,Saint Paul,Minnesota,55114,651-934-3149
976,Nick,Dysert,Male,ndysertr3@free.fr,100 Continental Junction,Bismarck,North Dakota,58505,701-893-5319
977,,Hauxwell,Female,ghauxwellr4@time.com,4320 Birchwood Crossing,Washington,District of Columbia,,202-158-5044
978,Rogerio,Mc Caughan,Male,rmccaughanr5@merriam-webster.com,125 Nevada Trail,Terre Haute,Indiana,47805,812-343-0522
979,Geri,Burdfield,Female,gburdfieldr6@dyndns.org,72 Mifflin Street,Herndon,Virginia,22070,757-712-9463
980,Kiley,Baudassi,Male,kbaudassir7@creativecommons.org,213 Londonderry Point,Syracuse,New York,13205,315-833-2055
981,Diannne,Frentz,Female,dfrentzr8@soup.io,9 Anderson Terrace,Milwaukee,Wisconsin,53210,414-587-9880
982,Candice,Girardy,Female,cgirardyr9@wordpress.com,16020 Tennyson Center,Chattanooga,Tennessee,37405,423-193-1952
983,Sadie,Ruhben,Female,sruhbenra@unc.edu,4651 Oneill Circle,Washington,District of Columbia,20404,202-329-7247
984,Yolanthe,Toffanelli,Female,ytoffanellirb@zimbio.com,56816 Cody Drive,Miami,Florida,33283,305-454-1049
985,Iggie,Liddyard,Male,,8 Dixon Circle,New Haven,Connecticut,06520,203-233-6176
986,Aidan,De Maria,Female,ademariard@abc.net.au,068 Anderson Hill,Tallahassee,Florida,32314,850-302-2082
987,Wood,Corradini,Male,wcorradinire@netscape.com,0148 Hanson Place,,,33805,
988,Shurlocke,Kemp,Male,skemprf@mysql.com,277 Bultman Junction,Minneapolis,Minnesota,55436,612-963-2842
989,Craggy,Vassman,Male,cvassmanrg@nymag.com,363 Sycamore Road,Cambridge,Massachusetts,02142,508-620-5717
990,Spense,Mercey,Male,smerceyrh@webnode.com,44 Arizona Pass,Long Beach,California,90805,310-621-7166
991,Honey,Darycott,Female,hdarycottri@yellowpages.com,9 Porter Junction,Tulsa,Oklahoma,74193,918-611-7585
992,Delainey,Le Galle,Male,dlegallerj@tripadvisor.com,34 Pearson Lane,Fairbanks,Alaska,99790,907-552-4157
993,Zachary,Dimitresco,Male,zdimitrescork@nbcnews.com,7701 Rusk Center,,,06520,
994,Flossy,Mitton,Female,fmittonrl@blogger.com,4 Warner Center,Kansas City,Kansas,66105,913-967-0350
995,Lynn,Foran,Male,lforanrm@dailymail.co.uk,8 Melody Court,Bryan,Texas,77806,979-500-0606
996,Babs,Murrill,Female,bmurrillrn@mashable.com,10 Mcbride Trail,Fresno,California,93704,209-631-8950
997,Teodora,Seekings,Female,tseekingsro@vistaprint.com,1939 Oxford Pass,Fort Lauderdale,Florida,33310,754-981-7755
998,,Braithwaite,Male,ibraithwaiterp@google.com.hk,3457 Elka Road,Washington,District of Columbia,20099,202-734-5736
999,Curcio,Mercy,Male,cmercyrq@paginegialle.it,79 Marquette Park,Phoenix,Arizona,85035,602-604-7889
1000,Sebastian,Cotesford,Male,scotesfordrr@amazon.com,0 Novick Pass,Louisville,Kentucky,40256,502-714-0894
